date,ticker,bear,base,bull
2026-07-07,NVDA,191.25,195.73,195.79
2026-07-08,NVDA,189.43,195.79,195.92
2026-07-09,NVDA,188.02,195.87,196.06
2026-07-10,NVDA,186.85,195.92,196.2
2026-07-13,NVDA,185.81,196.0,196.35
2026-07-14,NVDA,184.87,196.06,196.49
2026-07-15,NVDA,187.57,196.14,196.63
2026-07-16,NVDA,183.21,196.28,196.9
2026-07-17,NVDA,182.44,196.41,197.18
2026-07-20,NVDA,181.72,196.55,197.47
2026-07-21,NVDA,181.05,196.69,197.74
2026-07-22,NVDA,180.41,196.84,198.02
2026-07-23,NVDA,179.78,196.98,198.31
2026-07-24,NVDA,179.18,197.12,198.58
2026-07-27,NVDA,181.35,197.25,198.88
2026-07-28,NVDA,178.04,197.39,199.15
2026-07-29,NVDA,177.49,194.75,196.63
2026-07-30,NVDA,176.97,196.0,198.04
2026-07-31,NVDA,176.46,197.82,200.01
2026-08-03,NVDA,175.97,197.96,200.29
2026-08-04,NVDA,175.48,198.1,200.58
2026-08-05,NVDA,175.01,198.23,200.85
2026-08-06,NVDA,176.5,198.37,201.15
2026-08-07,NVDA,174.09,198.53,201.42
2026-08-10,NVDA,173.64,198.66,201.72
2026-08-11,NVDA,173.21,198.94,202.28
2026-08-12,NVDA,172.78,199.23,202.87
2026-08-13,NVDA,172.35,199.5,203.44
2026-08-14,NVDA,171.94,199.8,204.02
2026-08-17,NVDA,171.55,200.07,204.59
2026-08-18,NVDA,172.37,200.37,205.18
2026-08-19,NVDA,170.74,200.64,205.77
2026-08-20,NVDA,170.35,200.93,206.35
2026-08-21,NVDA,169.98,198.39,204.02
2026-08-24,NVDA,169.61,201.5,207.53
2026-08-25,NVDA,169.24,201.79,208.11
2026-08-26,NVDA,168.87,202.93,210.5
2026-08-27,NVDA,168.51,202.93,210.46
2026-08-28,NVDA,169.3,202.85,210.32
2026-08-31,NVDA,167.81,203.14,210.93
2026-09-01,NVDA,167.46,203.52,211.69
2026-09-02,NVDA,167.12,203.81,212.32
2026-09-03,NVDA,166.79,204.04,212.81
2026-09-04,NVDA,166.46,204.24,213.2
2026-07-07,AMD,541.29,554.82,555.04
2026-07-08,AMD,535.8,555.04,555.49
2026-07-09,AMD,531.53,555.27,555.93
2026-07-10,AMD,527.98,555.49,556.43
2026-07-13,AMD,524.82,555.71,556.87
2026-07-14,AMD,521.99,555.93,557.32
2026-07-15,AMD,530.14,556.15,557.76
2026-07-16,AMD,516.94,556.65,558.65
2026-07-17,AMD,514.67,557.1,559.59
2026-07-20,AMD,512.51,557.54,560.48
2026-07-21,AMD,510.45,557.98,561.42
2026-07-22,AMD,508.51,558.43,562.31
2026-07-23,AMD,506.63,559.37,564.14
2026-07-24,AMD,504.8,560.26,565.97
2026-07-27,AMD,511.29,561.2,567.8
2026-07-28,AMD,501.36,562.09,569.69
2026-07-29,AMD,499.69,554.54,562.97
2026-07-30,AMD,498.14,550.44,559.7
2026-07-31,AMD,496.59,564.86,575.23
2026-08-03,AMD,495.09,565.75,577.12
2026-08-04,AMD,493.59,569.46,584.66
2026-08-05,AMD,492.15,569.41,584.6
2026-08-06,AMD,496.64,569.19,584.16
2026-08-07,AMD,489.38,570.13,586.1
2026-08-10,AMD,488.05,571.29,588.54
2026-08-11,AMD,486.72,572.24,590.48
2026-08-12,AMD,485.44,573.01,592.04
2026-08-13,AMD,484.17,573.62,593.31
2026-08-14,AMD,482.95,574.07,594.25
2026-08-17,AMD,481.67,574.57,595.25
2026-08-18,AMD,484.17,575.01,596.2
2026-08-19,AMD,479.29,575.51,597.14
2026-08-20,AMD,478.12,575.95,598.14
2026-08-21,AMD,477.01,576.45,599.13
2026-08-24,AMD,475.85,576.89,600.08
2026-08-25,AMD,474.74,577.34,601.08
2026-08-26,AMD,473.63,577.84,602.02
2026-08-27,AMD,472.57,578.28,603.02
2026-08-28,AMD,474.85,578.78,604.01
2026-08-31,AMD,470.41,579.22,604.96
2026-09-01,AMD,469.36,579.72,605.96
2026-09-02,AMD,468.36,580.17,606.95
2026-09-03,AMD,467.31,580.67,607.95
2026-09-04,AMD,466.31,581.11,608.95
2026-07-07,AVGO,366.77,374.82,374.97
2026-07-08,AVGO,363.51,374.97,375.31
2026-07-09,AVGO,361.0,375.16,375.65
2026-07-10,AVGO,358.9,375.31,375.98
2026-07-13,AVGO,357.03,375.5,376.36
2026-07-14,AVGO,355.38,375.65,376.7
2026-07-15,AVGO,360.25,375.83,377.03
2026-07-16,AVGO,352.38,376.17,377.71
2026-07-17,AVGO,351.03,376.51,378.38
2026-07-20,AVGO,349.76,376.85,379.09
2026-07-21,AVGO,348.56,377.18,379.77
2026-07-22,AVGO,347.4,377.56,380.48
2026-07-23,AVGO,346.28,377.89,381.15
2026-07-24,AVGO,345.19,378.23,381.87
2026-07-27,AVGO,349.08,378.57,382.54
2026-07-28,AVGO,343.17,378.91,383.25
2026-07-29,AVGO,342.19,374.3,378.91
2026-07-30,AVGO,341.26,376.62,381.6
2026-07-31,AVGO,340.36,379.95,385.35
2026-08-03,AVGO,339.46,380.29,386.02
2026-08-04,AVGO,338.6,380.63,386.74
2026-08-05,AVGO,337.73,380.97,387.45
2026-08-06,AVGO,340.43,381.34,388.16
2026-08-07,AVGO,336.09,381.68,388.87
2026-08-10,AVGO,335.3,382.02,389.55
2026-08-11,AVGO,334.51,382.39,390.26
2026-08-12,AVGO,333.76,382.73,390.97
2026-08-13,AVGO,333.01,383.06,391.68
2026-08-14,AVGO,332.26,383.4,392.39
2026-08-17,AVGO,331.55,383.78,393.1
2026-08-18,AVGO,333.05,384.11,393.82
2026-08-19,AVGO,330.13,384.83,395.28
2026-08-20,AVGO,329.45,385.5,396.7
2026-08-21,AVGO,328.78,386.21,398.16
2026-08-24,AVGO,328.11,386.92,399.59
2026-08-25,AVGO,327.43,387.63,401.05
2026-08-26,AVGO,326.79,388.31,402.51
2026-08-27,AVGO,326.12,389.02,403.97
2026-08-28,AVGO,327.54,389.73,405.43
2026-08-31,AVGO,324.88,385.31,401.57
2026-09-01,AVGO,324.25,391.16,408.39
2026-09-02,AVGO,323.65,391.87,409.89
2026-09-03,AVGO,323.05,394.72,415.88
2026-09-04,AVGO,322.45,394.68,415.84
2026-07-07,MRVL,241.66,248.61,248.76
2026-07-08,MRVL,238.82,248.76,249.04
2026-07-09,MRVL,236.66,248.89,249.31
2026-07-10,MRVL,234.82,249.04,249.58
2026-07-13,MRVL,233.21,249.16,249.86
2026-07-14,MRVL,231.74,249.31,250.13
2026-07-15,MRVL,235.89,249.43,250.4
2026-07-16,MRVL,229.16,249.71,250.95
2026-07-17,MRVL,227.99,249.98,251.5
2026-07-20,MRVL,226.87,250.25,252.04
2026-07-21,MRVL,225.83,250.53,252.61
2026-07-22,MRVL,224.81,250.83,253.16
2026-07-23,MRVL,223.84,251.1,253.71
2026-07-24,MRVL,222.92,251.37,254.28
2026-07-27,MRVL,226.18,251.65,254.83
2026-07-28,MRVL,221.16,251.92,255.4
2026-07-29,MRVL,220.31,247.84,251.55
2026-07-30,MRVL,219.49,249.86,253.86
2026-07-31,MRVL,218.7,252.74,257.06
2026-08-03,MRVL,217.93,253.01,257.63
2026-08-04,MRVL,217.18,253.29,258.21
2026-08-05,MRVL,216.43,253.58,258.75
2026-08-06,MRVL,218.7,253.86,259.32
2026-08-07,MRVL,215.02,254.13,259.9
2026-08-10,MRVL,214.32,254.68,261.04
2026-08-11,MRVL,213.65,255.25,262.18
2026-08-12,MRVL,212.98,255.8,263.35
2026-08-13,MRVL,212.33,256.37,264.49
2026-08-14,MRVL,211.69,256.94,265.66
2026-08-17,MRVL,211.07,253.06,262.23
2026-08-18,MRVL,212.29,258.06,268.0
2026-08-19,MRVL,209.82,258.63,269.16
2026-08-20,MRVL,209.23,260.89,273.94
2026-08-21,MRVL,208.63,260.86,273.89
2026-08-24,MRVL,208.06,260.74,273.59
2026-08-25,MRVL,207.49,261.31,274.83
2026-08-26,MRVL,206.92,262.06,276.37
2026-08-27,MRVL,206.37,262.63,277.59
2026-08-28,MRVL,207.51,263.1,278.58
2026-08-31,MRVL,205.28,263.47,279.38
2026-09-01,MRVL,204.73,263.77,280.0
2026-09-02,MRVL,204.21,264.07,280.59
2026-09-03,MRVL,203.69,264.34,281.22
2026-09-04,MRVL,203.17,264.64,281.84
2026-07-07,MSFT,378.45,387.24,387.31
2026-07-08,MSFT,374.85,387.31,387.51
2026-07-09,MSFT,372.06,387.43,387.66
2026-07-10,MSFT,369.74,387.51,387.86
2026-07-13,MSFT,367.69,387.66,388.21
2026-07-14,MSFT,365.83,387.86,388.55
2026-07-15,MSFT,371.17,388.01,388.9
2026-07-16,MSFT,362.54,388.36,389.6
2026-07-17,MSFT,361.03,388.71,390.3
2026-07-20,MSFT,359.59,389.06,390.99
2026-07-21,MSFT,358.28,389.41,391.69
2026-07-22,MSFT,357.0,389.75,392.39
2026-07-23,MSFT,355.76,384.64,387.55
2026-07-24,MSFT,354.56,390.45,393.78
2026-07-27,MSFT,358.86,390.8,394.48
2026-07-28,MSFT,352.32,392.19,397.3
2026-07-29,MSFT,351.23,386.66,391.69
2026-07-30,MSFT,350.19,388.79,393.78
2026-07-31,MSFT,349.18,392.46,397.85
2026-08-03,MSFT,348.21,392.93,398.74
2026-08-04,MSFT,347.24,393.28,399.47
2026-08-05,MSFT,346.31,393.55,400.05
2026-08-06,MSFT,349.26,393.78,400.52
2026-08-07,MSFT,344.49,393.97,400.87
2026-08-10,MSFT,343.6,394.13,401.25
2026-08-11,MSFT,342.75,394.32,401.6
2026-08-12,MSFT,341.9,394.48,401.95
2026-08-13,MSFT,341.05,394.67,402.34
2026-08-14,MSFT,340.24,394.83,402.69
2026-08-17,MSFT,339.46,395.02,403.03
2026-08-18,MSFT,341.09,395.21,403.38
2026-08-19,MSFT,337.87,395.37,403.77
2026-08-20,MSFT,337.1,395.56,404.12
2026-08-21,MSFT,336.36,395.72,404.47
2026-08-24,MSFT,335.63,395.91,404.85
2026-08-25,MSFT,334.89,396.06,405.2
2026-08-26,MSFT,334.16,396.26,405.55
2026-08-27,MSFT,333.46,396.45,405.94
2026-08-28,MSFT,335.01,396.61,406.29
2026-08-31,MSFT,332.07,396.8,406.67
2026-09-01,MSFT,331.37,396.96,407.02
2026-09-02,MSFT,330.71,397.15,407.37
2026-09-03,MSFT,330.05,397.3,407.76
2026-09-04,MSFT,329.4,397.5,408.11
2026-07-07,GOOGL,358.01,366.36,366.43
2026-07-08,GOOGL,354.6,366.43,366.62
2026-07-09,GOOGL,351.97,366.54,366.8
2026-07-10,GOOGL,349.77,366.62,366.98
2026-07-13,GOOGL,347.83,366.73,367.2
2026-07-14,GOOGL,346.07,366.91,367.57
2026-07-15,GOOGL,351.12,367.09,367.93
2026-07-16,GOOGL,342.96,367.46,368.67
2026-07-17,GOOGL,341.53,367.82,369.44
2026-07-20,GOOGL,340.17,368.23,370.21
2026-07-21,GOOGL,338.93,368.59,370.94
2026-07-22,GOOGL,337.72,368.96,371.71
2026-07-23,GOOGL,336.55,369.33,372.48
2026-07-24,GOOGL,335.41,364.53,367.97
2026-07-27,GOOGL,339.48,370.1,373.98
2026-07-28,GOOGL,333.29,370.46,374.75
2026-07-29,GOOGL,332.26,366.76,372.51
2026-07-30,GOOGL,331.27,368.85,374.6
2026-07-31,GOOGL,330.32,371.89,377.6
2026-08-03,GOOGL,329.41,372.26,378.37
2026-08-04,GOOGL,328.49,372.73,379.36
2026-08-05,GOOGL,327.61,373.14,380.17
2026-08-06,GOOGL,330.39,373.47,380.79
2026-08-07,GOOGL,325.89,373.68,381.3
2026-08-10,GOOGL,325.05,373.9,381.71
2026-08-11,GOOGL,324.24,374.09,382.07
2026-08-12,GOOGL,323.44,374.27,382.47
2026-08-13,GOOGL,322.63,374.45,382.88
2026-08-14,GOOGL,321.86,374.64,383.24
2026-08-17,GOOGL,321.13,374.86,383.65
2026-08-18,GOOGL,322.67,375.04,384.05
2026-08-19,GOOGL,319.63,375.22,384.42
2026-08-20,GOOGL,318.89,375.41,384.82
2026-08-21,GOOGL,318.2,375.63,385.22
2026-08-24,GOOGL,317.5,375.81,385.59
2026-08-25,GOOGL,316.81,375.99,385.99
2026-08-26,GOOGL,316.11,376.18,386.39
2026-08-27,GOOGL,315.45,376.4,386.8
2026-08-28,GOOGL,316.92,376.58,387.16
2026-08-31,GOOGL,314.13,376.76,387.57
2026-09-01,GOOGL,313.47,376.94,387.97
2026-09-02,GOOGL,312.85,377.13,388.37
2026-09-03,GOOGL,312.23,377.35,388.77
2026-09-04,GOOGL,311.61,377.53,389.14
2026-07-07,META,587.35,601.05,601.23
2026-07-08,META,581.76,601.23,601.65
2026-07-09,META,577.44,601.41,602.01
2026-07-10,META,573.83,601.65,602.37
2026-07-13,META,570.65,601.83,602.73
2026-07-14,META,567.76,602.01,603.15
2026-07-15,META,576.05,602.19,603.51
2026-07-16,META,562.65,602.55,604.29
2026-07-17,META,560.31,602.97,605.02
2026-07-20,META,558.09,603.33,605.8
2026-07-21,META,556.05,603.69,606.52
2026-07-22,META,554.06,604.05,607.3
2026-07-23,META,552.14,604.48,608.08
2026-07-24,META,550.28,604.84,608.8
2026-07-27,META,556.95,605.2,609.58
2026-07-28,META,546.79,605.62,610.36
2026-07-29,META,545.11,597.44,602.55
2026-07-30,META,543.49,601.23,606.7
2026-07-31,META,541.92,606.76,612.65
2026-08-03,META,540.42,607.12,613.43
2026-08-04,META,538.92,607.48,614.21
2026-08-05,META,537.48,607.9,614.99
2026-08-06,META,542.04,608.26,615.71
2026-08-07,META,534.65,608.62,616.49
2026-08-10,META,533.27,609.04,617.27
2026-08-11,META,531.95,609.4,618.05
2026-08-12,META,530.63,609.76,618.84
2026-08-13,META,529.31,610.18,619.62
2026-08-14,META,528.04,610.54,620.4
2026-08-17,META,526.84,610.9,621.18
2026-08-18,META,529.37,611.33,621.96
2026-08-19,META,524.38,611.69,622.74
2026-08-20,META,523.18,612.11,623.52
2026-08-21,META,522.04,612.47,624.3
2026-08-24,META,520.89,612.83,625.08
2026-08-25,META,519.75,613.25,625.87
2026-08-26,META,518.61,613.61,626.65
2026-08-27,META,517.53,614.03,627.43
2026-08-28,META,519.93,614.39,628.21
2026-08-31,META,515.37,614.75,628.99
2026-09-01,META,514.28,615.17,629.77
2026-09-02,META,513.26,615.95,631.39
2026-09-03,META,512.24,616.67,632.96
2026-09-04,META,511.22,617.45,634.52
2026-07-07,AAPL,305.59,312.75,312.9
2026-07-08,AAPL,302.68,312.9,313.18
2026-07-09,AAPL,300.43,313.03,313.46
2026-07-10,AAPL,298.55,313.18,313.75
2026-07-13,AAPL,296.9,313.31,314.03
2026-07-14,AAPL,295.39,313.46,314.31
2026-07-15,AAPL,299.71,313.59,314.59
2026-07-16,AAPL,292.74,313.75,314.87
2026-07-17,AAPL,291.52,313.87,315.15
2026-07-20,AAPL,290.36,314.03,315.43
2026-07-21,AAPL,289.3,314.15,315.71
2026-07-22,AAPL,288.27,314.31,316.0
2026-07-23,AAPL,287.27,314.43,316.28
2026-07-24,AAPL,286.3,314.59,316.56
2026-07-27,AAPL,289.77,314.75,316.84
2026-07-28,AAPL,284.48,314.87,317.15
2026-07-29,AAPL,283.61,310.59,312.96
2026-07-30,AAPL,282.76,312.49,315.03
2026-07-31,AAPL,281.95,315.31,318.0
2026-08-03,AAPL,281.17,315.43,318.28
2026-08-04,AAPL,280.39,315.59,318.56
2026-08-05,AAPL,279.64,315.71,318.84
2026-08-06,AAPL,282.01,315.87,319.12
2026-08-07,AAPL,278.17,316.0,319.44
2026-08-10,AAPL,277.45,316.15,319.72
2026-08-11,AAPL,276.76,316.28,320.0
2026-08-12,AAPL,276.07,316.43,320.28
2026-08-13,AAPL,275.39,316.56,320.56
2026-08-14,AAPL,274.73,316.72,320.87
2026-08-17,AAPL,274.11,316.84,321.15
2026-08-18,AAPL,275.42,317.0,321.44
2026-08-19,AAPL,272.82,317.15,321.72
2026-08-20,AAPL,272.2,317.28,322.0
2026-08-21,AAPL,271.6,317.43,322.31
2026-08-24,AAPL,271.01,317.56,322.59
2026-08-25,AAPL,270.42,317.84,323.19
2026-08-26,AAPL,269.82,318.12,323.75
2026-08-27,AAPL,269.26,318.43,324.34
2026-08-28,AAPL,270.51,318.72,324.91
2026-08-31,AAPL,268.13,319.0,325.5
2026-09-01,AAPL,267.57,319.28,326.09
2026-09-02,AAPL,267.04,319.56,326.66
2026-09-03,AAPL,266.51,319.84,327.25
2026-09-04,AAPL,265.98,320.15,327.84
2026-07-07,AMZN,239.29,244.87,244.92
2026-07-08,AMZN,237.01,244.92,245.04
2026-07-09,AMZN,235.25,244.99,245.19
2026-07-10,AMZN,233.78,245.04,245.31
2026-07-13,AMZN,232.48,245.12,245.43
2026-07-14,AMZN,231.31,245.19,245.56
2026-07-15,AMZN,234.69,245.31,245.82
2026-07-16,AMZN,229.23,245.56,246.34
2026-07-17,AMZN,228.27,245.82,246.85
2026-07-20,AMZN,227.37,246.07,247.37
2026-07-21,AMZN,226.53,246.34,247.88
2026-07-22,AMZN,225.73,246.58,248.4
2026-07-23,AMZN,224.94,246.85,248.91
2026-07-24,AMZN,224.18,247.1,249.42
2026-07-27,AMZN,226.9,243.89,246.44
2026-07-28,AMZN,222.77,247.61,250.48
2026-07-29,AMZN,222.08,244.38,247.47
2026-07-30,AMZN,221.42,246.8,250.97
2026-07-31,AMZN,220.78,248.91,253.07
2026-08-03,AMZN,220.17,248.84,252.95
2026-08-04,AMZN,219.56,249.11,253.49
2026-08-05,AMZN,218.97,249.42,254.15
2026-08-06,AMZN,220.83,249.69,254.69
2026-08-07,AMZN,217.82,249.91,255.13
2026-08-10,AMZN,217.26,250.08,255.47
2026-08-11,AMZN,216.72,250.21,255.74
2026-08-12,AMZN,216.18,250.33,256.01
2026-08-13,AMZN,215.64,250.48,256.28
2026-08-14,AMZN,215.13,250.6,256.55
2026-08-17,AMZN,214.64,250.72,256.82
2026-08-18,AMZN,215.67,250.87,257.09
2026-08-19,AMZN,213.63,250.99,257.35
2026-08-20,AMZN,213.14,251.14,257.62
2026-08-21,AMZN,212.68,251.26,257.89
2026-08-24,AMZN,212.21,251.38,258.16
2026-08-25,AMZN,211.75,251.53,258.43
2026-08-26,AMZN,211.28,251.65,258.7
2026-08-27,AMZN,210.84,251.77,258.97
2026-08-28,AMZN,211.82,251.92,259.24
2026-08-31,AMZN,209.96,252.04,259.51
2026-09-01,AMZN,209.52,252.17,259.78
2026-09-02,AMZN,209.11,252.31,260.05
2026-09-03,AMZN,208.69,252.43,260.32
2026-09-04,AMZN,208.27,252.56,260.59
2026-07-07,ARM,315.6,323.02,323.18
2026-07-08,ARM,312.59,323.18,323.51
2026-07-09,ARM,310.27,323.34,323.83
2026-07-10,ARM,308.33,323.51,324.15
2026-07-13,ARM,306.62,323.67,324.47
2026-07-14,ARM,305.07,323.83,324.8
2026-07-15,ARM,309.53,323.99,325.12
2026-07-16,ARM,302.33,324.31,325.77
2026-07-17,ARM,301.07,324.64,326.41
2026-07-20,ARM,299.87,324.96,327.06
2026-07-21,ARM,298.77,325.28,327.74
2026-07-22,ARM,297.71,325.6,328.38
2026-07-23,ARM,296.68,325.93,329.03
2026-07-24,ARM,295.68,326.57,330.35
2026-07-27,ARM,299.26,327.22,331.67
2026-07-28,ARM,293.8,327.9,333.0
2026-07-29,ARM,292.9,323.93,329.61
2026-07-30,ARM,292.03,326.41,332.84
2026-07-31,ARM,291.19,325.22,332.26
2026-08-03,ARM,290.38,330.51,338.36
2026-08-04,ARM,289.57,331.16,339.68
2026-08-05,ARM,288.8,333.84,345.17
2026-08-06,ARM,291.25,333.8,345.11
2026-08-07,ARM,287.28,333.64,344.78
2026-08-10,ARM,286.54,334.32,346.2
2026-08-11,ARM,285.83,335.16,347.95
2026-08-12,ARM,285.12,335.84,349.33
2026-08-13,ARM,284.41,336.39,350.5
2026-08-14,ARM,283.73,336.84,351.4
2026-08-17,ARM,283.08,337.16,352.11
2026-08-18,ARM,284.44,337.49,352.82
2026-08-19,ARM,281.76,337.84,353.5
2026-08-20,ARM,281.11,338.16,354.21
2026-08-21,ARM,280.5,338.52,354.92
2026-08-24,ARM,279.89,338.84,355.63
2026-08-25,ARM,279.27,339.2,356.34
2026-08-26,ARM,278.66,339.52,357.05
2026-08-27,ARM,278.08,339.87,357.76
2026-08-28,ARM,279.37,340.2,358.47
2026-08-31,ARM,276.92,340.55,359.18
2026-09-01,ARM,276.34,340.88,359.92
2026-09-02,ARM,275.79,341.23,360.63
2026-09-03,ARM,275.24,341.55,361.34
2026-09-04,ARM,274.69,341.91,362.06
2026-07-07,INTC,120.11,122.92,122.96
2026-07-08,INTC,118.96,122.96,123.05
2026-07-09,INTC,118.08,123.01,123.14
2026-07-10,INTC,117.34,123.05,123.24
2026-07-13,INTC,116.69,123.14,123.42
2026-07-14,INTC,116.1,123.24,123.61
2026-07-15,INTC,117.8,123.32,123.79
2026-07-16,INTC,115.06,123.51,124.16
2026-07-17,INTC,114.58,123.69,124.53
2026-07-20,INTC,114.12,122.15,123.15
2026-07-21,INTC,113.7,124.06,125.28
2026-07-22,INTC,113.3,124.26,125.65
2026-07-23,INTC,112.91,125.0,127.16
2026-07-24,INTC,112.52,124.98,127.15
2026-07-27,INTC,113.89,124.95,127.05
2026-07-28,INTC,111.81,125.13,127.44
2026-07-29,INTC,111.47,123.61,126.13
2026-07-30,INTC,111.14,124.5,127.23
2026-07-31,INTC,110.82,125.72,128.62
2026-08-03,INTC,110.51,125.84,128.88
2026-08-04,INTC,110.2,125.93,129.07
2026-08-05,INTC,109.91,126.03,129.26
2026-08-06,INTC,110.84,126.13,129.46
2026-08-07,INTC,109.33,126.21,129.65
2026-08-10,INTC,109.05,126.31,129.85
2026-08-11,INTC,108.78,126.41,130.03
2026-08-12,INTC,108.51,126.49,130.23
2026-08-13,INTC,108.24,126.59,130.43
2026-08-14,INTC,107.98,126.69,130.62
2026-08-17,INTC,107.73,126.78,130.82
2026-08-18,INTC,108.25,126.88,131.02
2026-08-19,INTC,107.23,126.97,131.21
2026-08-20,INTC,106.98,127.06,131.4
2026-08-21,INTC,106.75,127.16,131.59
2026-08-24,INTC,106.52,127.26,131.79
2026-08-25,INTC,106.28,127.35,131.99
2026-08-26,INTC,106.05,127.44,132.2
2026-08-27,INTC,105.83,127.54,132.39
2026-08-28,INTC,106.32,127.64,132.59
2026-08-31,INTC,105.39,127.74,132.79
2026-09-01,INTC,105.16,127.82,132.98
2026-09-02,INTC,104.96,127.92,133.18
2026-09-03,INTC,104.75,128.02,133.38
2026-09-04,INTC,104.54,128.12,133.57
2026-07-07,QCOM,182.45,186.71,186.74
2026-07-08,QCOM,180.71,186.74,186.86
2026-07-09,QCOM,179.37,186.8,186.95
2026-07-10,QCOM,178.25,186.86,187.04
2026-07-13,QCOM,177.26,186.89,187.15
2026-07-14,QCOM,176.37,186.95,187.25
2026-07-15,QCOM,178.94,187.0,187.34
2026-07-16,QCOM,174.78,187.1,187.55
2026-07-17,QCOM,174.05,187.19,187.75
2026-07-20,QCOM,173.36,187.4,188.14
2026-07-21,QCOM,172.73,187.6,188.55
2026-07-22,QCOM,172.11,187.79,188.95
2026-07-23,QCOM,171.51,187.99,189.36
2026-07-24,QCOM,170.93,188.2,189.75
2026-07-27,QCOM,173.01,185.75,187.49
2026-07-28,QCOM,169.85,188.59,190.55
2026-07-29,QCOM,169.33,186.15,188.27
2026-07-30,QCOM,168.82,187.99,190.98
2026-07-31,QCOM,168.34,189.6,192.59
2026-08-03,QCOM,167.87,189.54,192.47
2026-08-04,QCOM,167.41,189.75,192.9
2026-08-05,QCOM,166.96,190.01,193.43
2026-08-06,QCOM,168.38,190.22,193.84
2026-08-07,QCOM,166.08,190.38,194.17
2026-08-10,QCOM,165.65,190.51,194.45
2026-08-11,QCOM,165.24,190.61,194.66
2026-08-12,QCOM,164.83,190.72,194.86
2026-08-13,QCOM,164.42,190.81,195.07
2026-08-14,QCOM,164.03,190.91,195.27
2026-08-17,QCOM,163.65,191.02,195.48
2026-08-18,QCOM,164.44,191.11,195.68
2026-08-19,QCOM,162.89,191.22,195.91
2026-08-20,QCOM,162.52,191.32,196.11
2026-08-21,QCOM,162.16,191.43,196.32
2026-08-24,QCOM,161.81,191.52,196.52
2026-08-25,QCOM,161.45,191.63,196.73
2026-08-26,QCOM,161.1,191.73,196.95
2026-08-27,QCOM,160.76,191.84,197.16
2026-08-28,QCOM,161.51,191.93,197.36
2026-08-31,QCOM,160.09,192.03,197.57
2026-09-01,QCOM,159.75,192.14,197.79
2026-09-02,QCOM,159.44,192.23,198.0
2026-09-03,QCOM,159.12,192.34,198.2
2026-09-04,QCOM,158.8,192.44,198.41
2026-07-07,CRWV,83.4,87.15,87.2
2026-07-08,CRWV,81.87,87.2,87.32
2026-07-09,CRWV,80.69,87.26,87.42
2026-07-10,CRWV,79.7,87.32,87.53
2026-07-13,CRWV,78.83,87.37,87.63
2026-07-14,CRWV,78.03,87.42,87.74
2026-07-15,CRWV,80.14,87.47,87.85
2026-07-16,CRWV,76.63,87.58,88.07
2026-07-17,CRWV,75.99,87.69,88.28
2026-07-20,CRWV,75.39,87.8,88.49
2026-07-21,CRWV,74.82,87.9,88.71
2026-07-22,CRWV,74.28,88.01,88.93
2026-07-23,CRWV,73.76,88.12,89.15
2026-07-24,CRWV,73.25,88.22,89.36
2026-07-27,CRWV,74.87,88.34,89.59
2026-07-28,CRWV,72.29,88.44,89.81
2026-07-29,CRWV,71.84,86.2,87.64
2026-07-30,CRWV,71.4,87.25,88.81
2026-07-31,CRWV,70.96,88.88,90.69
2026-08-03,CRWV,70.54,89.09,91.13
2026-08-04,CRWV,70.13,89.31,91.59
2026-08-05,CRWV,69.74,89.53,92.03
2026-08-06,CRWV,70.82,89.76,92.48
2026-08-07,CRWV,68.97,87.58,90.47
2026-08-10,CRWV,68.59,90.19,93.4
2026-08-11,CRWV,68.23,90.41,93.85
2026-08-12,CRWV,67.87,91.31,95.71
2026-08-13,CRWV,67.51,91.29,95.69
2026-08-14,CRWV,67.16,91.24,95.58
2026-08-17,CRWV,66.82,91.47,96.06
2026-08-18,CRWV,67.39,91.75,96.66
2026-08-19,CRWV,66.16,91.99,97.14
2026-08-20,CRWV,65.84,92.17,97.53
2026-08-21,CRWV,65.52,92.32,97.84
2026-08-24,CRWV,65.2,92.43,98.08
2026-08-25,CRWV,64.89,92.54,98.33
2026-08-26,CRWV,64.58,92.66,98.56
2026-08-27,CRWV,64.28,92.77,98.81
2026-08-28,CRWV,64.8,92.88,99.05
2026-08-31,CRWV,63.69,93.0,99.29
2026-09-01,CRWV,63.4,93.11,99.54
2026-09-02,CRWV,63.11,93.22,99.78
2026-09-03,CRWV,62.83,93.34,100.03
2026-09-04,CRWV,62.55,93.45,100.27
2026-07-07,CBRS,186.22,193.61,193.75
2026-07-08,CBRS,183.22,193.75,194.02
2026-07-09,CBRS,180.9,193.88,194.29
2026-07-10,CBRS,178.97,194.02,194.56
2026-07-13,CBRS,177.24,194.15,194.85
2026-07-14,CBRS,175.7,194.29,195.12
2026-07-15,CBRS,179.93,194.43,195.39
2026-07-16,CBRS,172.95,194.72,195.93
2026-07-17,CBRS,171.71,194.99,196.5
2026-07-20,CBRS,170.53,195.26,197.06
2026-07-21,CBRS,169.41,195.53,197.6
2026-07-22,CBRS,168.34,195.8,198.16
2026-07-23,CBRS,167.32,196.09,198.72
2026-07-24,CBRS,166.33,196.36,199.28
2026-07-27,CBRS,169.6,196.63,199.84
2026-07-28,CBRS,164.46,196.9,200.4
2026-07-29,CBRS,163.57,192.57,196.26
2026-07-30,CBRS,162.7,194.7,198.7
2026-07-31,CBRS,161.84,197.75,202.11
2026-08-03,CBRS,161.03,198.02,202.67
2026-08-04,CBRS,160.24,198.3,203.25
2026-08-05,CBRS,159.44,198.59,203.83
2026-08-06,CBRS,161.65,198.86,204.39
2026-08-07,CBRS,157.94,199.15,204.97
2026-08-10,CBRS,157.2,199.42,205.55
2026-08-11,CBRS,156.48,199.71,206.13
2026-08-12,CBRS,155.77,200.27,207.29
2026-08-13,CBRS,155.09,200.83,208.47
2026-08-14,CBRS,154.41,201.39,209.63
2026-08-17,CBRS,153.74,201.97,210.83
2026-08-18,CBRS,154.9,202.53,212.01
2026-08-19,CBRS,152.44,198.35,208.22
2026-08-20,CBRS,151.8,203.67,214.41
2026-08-21,CBRS,151.16,204.25,215.63
2026-08-24,CBRS,150.54,206.56,220.55
2026-08-25,CBRS,149.95,206.54,220.49
2026-08-26,CBRS,149.35,206.4,220.2
2026-08-27,CBRS,148.75,207.0,221.47
2026-08-28,CBRS,149.83,207.74,223.06
2026-08-31,CBRS,147.58,208.34,224.34
2026-09-01,CBRS,147.02,208.82,225.36
2026-09-02,CBRS,146.46,209.19,226.19
2026-09-03,CBRS,145.9,209.5,226.83
2026-09-04,CBRS,145.36,209.79,227.47
2026-07-07,NOW,105.62,108.08,108.1
2026-07-08,NOW,104.61,108.1,108.17
2026-07-09,NOW,103.84,108.14,108.22
2026-07-10,NOW,103.19,108.17,108.28
2026-07-13,NOW,102.62,108.22,108.4
2026-07-14,NOW,102.1,108.28,108.51
2026-07-15,NOW,103.59,108.34,108.63
2026-07-16,NOW,101.18,108.45,108.86
2026-07-17,NOW,100.76,108.57,109.1
2026-07-20,NOW,100.36,107.15,107.79
2026-07-21,NOW,99.99,108.81,109.56
2026-07-22,NOW,99.63,108.91,109.8
2026-07-23,NOW,99.29,109.39,110.74
2026-07-24,NOW,98.95,109.38,110.73
2026-07-27,NOW,100.15,109.35,110.66
2026-07-28,NOW,98.33,109.48,110.91
2026-07-29,NOW,98.02,108.08,109.65
2026-07-30,NOW,97.73,108.82,110.51
2026-07-31,NOW,97.45,109.83,111.65
2026-08-03,NOW,97.18,109.91,111.81
2026-08-04,NOW,96.91,109.97,111.93
2026-08-05,NOW,96.65,110.03,112.05
2026-08-06,NOW,97.47,110.09,112.17
2026-08-07,NOW,96.14,110.15,112.29
2026-08-10,NOW,95.89,110.21,112.4
2026-08-11,NOW,95.66,110.27,112.52
2026-08-12,NOW,95.42,110.32,112.64
2026-08-13,NOW,95.18,110.38,112.77
2026-08-14,NOW,94.95,110.44,112.89
2026-08-17,NOW,94.74,110.5,113.01
2026-08-18,NOW,95.19,110.56,113.13
2026-08-19,NOW,94.3,110.62,113.25
2026-08-20,NOW,94.08,110.68,113.37
2026-08-21,NOW,93.87,110.74,113.5
2026-08-24,NOW,93.67,110.79,113.61
2026-08-25,NOW,93.46,110.86,113.73
2026-08-26,NOW,93.26,110.91,113.85
2026-08-27,NOW,93.06,110.98,113.98
2026-08-28,NOW,93.5,111.03,114.1
2026-08-31,NOW,92.67,111.1,114.22
2026-09-01,NOW,92.48,111.15,114.34
2026-09-02,NOW,92.3,111.22,114.47
2026-09-03,NOW,92.11,111.27,114.59
2026-09-04,NOW,91.93,111.33,114.71
2026-07-07,NET,242.41,248.24,248.49
2026-07-08,NET,240.1,248.49,248.98
2026-07-09,NET,238.32,248.73,249.48
2026-07-10,NET,236.83,248.98,250.0
2026-07-13,NET,235.52,249.23,250.49
2026-07-14,NET,234.33,249.48,250.99
2026-07-15,NET,237.75,249.73,251.49
2026-07-16,NET,232.22,250.0,252.01
2026-07-17,NET,231.25,250.25,252.5
2026-07-20,NET,230.33,250.74,253.52
2026-07-21,NET,229.49,251.24,254.54
2026-07-22,NET,228.67,251.76,255.55
2026-07-23,NET,227.88,252.26,256.6
2026-07-24,NET,227.11,252.75,257.61
2026-07-27,NET,229.86,253.27,258.65
2026-07-28,NET,225.67,250.2,256.05
2026-07-29,NET,224.98,250.72,257.07
2026-07-30,NET,224.31,252.65,259.57
2026-07-31,NET,223.66,256.84,266.02
2026-08-03,NET,223.04,256.82,265.97
2026-08-04,NET,222.42,256.69,265.72
2026-08-05,NET,221.83,257.24,266.84
2026-08-06,NET,223.71,257.88,268.18
2026-08-07,NET,220.66,258.41,269.27
2026-08-10,NET,220.09,258.83,270.16
2026-08-11,NET,219.55,259.17,270.88
2026-08-12,NET,219.0,259.45,271.43
2026-08-13,NET,218.45,259.7,271.97
2026-08-14,NET,217.93,259.97,272.52
2026-08-17,NET,217.44,260.22,273.06
2026-08-18,NET,218.48,260.49,273.61
2026-08-19,NET,216.42,260.74,274.15
2026-08-20,NET,215.92,261.01,274.7
2026-08-21,NET,215.45,261.26,275.24
2026-08-24,NET,214.98,261.53,275.81
2026-08-25,NET,214.51,261.78,276.36
2026-08-26,NET,214.04,262.05,276.91
2026-08-27,NET,213.59,262.32,277.48
2026-08-28,NET,214.59,262.57,278.02
2026-08-31,NET,212.7,262.84,278.59
2026-09-01,NET,212.25,263.12,279.14
2026-09-02,NET,211.83,263.37,279.71
2026-09-03,NET,211.41,263.64,280.28
2026-09-04,NET,210.99,263.91,280.82
2026-07-07,DDOG,250.53,256.48,256.68
2026-07-08,DDOG,248.15,256.68,257.04
2026-07-09,DDOG,246.3,256.86,257.43
2026-07-10,DDOG,244.77,257.04,257.81
2026-07-13,DDOG,243.41,257.25,258.2
2026-07-14,DDOG,242.18,257.43,258.58
2026-07-15,DDOG,245.71,257.63,258.94
2026-07-16,DDOG,240.0,257.81,259.32
2026-07-17,DDOG,239.0,257.99,259.71
2026-07-20,DDOG,238.05,258.2,260.09
2026-07-21,DDOG,237.18,258.38,260.48
2026-07-22,DDOG,236.33,258.58,260.86
2026-07-23,DDOG,235.51,258.76,261.25
2026-07-24,DDOG,234.72,258.94,261.63
2026-07-27,DDOG,237.56,259.32,262.4
2026-07-28,DDOG,233.23,259.71,263.17
2026-07-29,DDOG,232.52,256.43,260.22
2026-07-30,DDOG,231.82,258.27,262.48
2026-07-31,DDOG,231.16,260.86,265.5
2026-08-03,DDOG,230.52,257.56,262.53
2026-08-04,DDOG,229.88,261.63,267.06
2026-08-05,DDOG,229.26,262.02,267.83
2026-08-06,DDOG,231.21,263.55,271.01
2026-08-07,DDOG,228.06,263.53,270.99
2026-08-10,DDOG,227.47,263.45,270.78
2026-08-11,DDOG,226.9,263.84,271.6
2026-08-12,DDOG,226.34,264.32,272.63
2026-08-13,DDOG,225.77,264.73,273.42
2026-08-14,DDOG,225.24,265.04,274.09
2026-08-17,DDOG,224.72,265.3,274.63
2026-08-18,DDOG,225.8,265.5,275.01
2026-08-19,DDOG,223.67,265.68,275.42
2026-08-20,DDOG,223.16,265.89,275.83
2026-08-21,DDOG,222.67,266.09,276.24
2026-08-24,DDOG,222.19,266.27,276.65
2026-08-25,DDOG,221.7,266.48,277.06
2026-08-26,DDOG,221.21,266.68,277.44
2026-08-27,DDOG,220.75,266.86,277.85
2026-08-28,DDOG,221.78,267.06,278.26
2026-08-31,DDOG,219.83,267.24,278.67
2026-09-01,DDOG,219.37,267.45,279.09
2026-09-02,DDOG,218.93,267.65,279.5
2026-09-03,DDOG,218.5,267.83,279.91
2026-09-04,DDOG,218.06,268.04,280.32
2026-07-07,CRWD,194.93,199.54,199.68
2026-07-08,CRWD,193.08,199.68,199.92
2026-07-09,CRWD,191.64,199.8,200.18
2026-07-10,CRWD,190.45,199.92,200.44
2026-07-13,CRWD,189.39,200.06,200.7
2026-07-14,CRWD,188.43,200.18,200.94
2026-07-15,CRWD,191.19,200.3,201.2
2026-07-16,CRWD,186.74,200.44,201.46
2026-07-17,CRWD,185.96,200.56,201.72
2026-07-20,CRWD,185.22,200.7,201.97
2026-07-21,CRWD,184.54,200.82,202.21
2026-07-22,CRWD,183.89,200.94,202.47
2026-07-23,CRWD,183.25,201.08,202.73
2026-07-24,CRWD,182.63,201.2,202.99
2026-07-27,CRWD,184.84,201.32,203.25
2026-07-28,CRWD,181.47,201.46,203.51
2026-07-29,CRWD,180.92,198.74,200.9
2026-07-30,CRWD,180.38,200.0,202.29
2026-07-31,CRWD,179.86,201.83,204.29
2026-08-03,CRWD,179.36,201.97,204.55
2026-08-04,CRWD,178.86,202.09,204.81
2026-08-05,CRWD,178.38,202.21,205.07
2026-08-06,CRWD,179.9,202.35,205.32
2026-08-07,CRWD,177.45,202.47,205.58
2026-08-10,CRWD,176.99,202.61,205.84
2026-08-11,CRWD,176.55,202.73,206.1
2026-08-12,CRWD,176.11,202.87,206.36
2026-08-13,CRWD,175.67,202.99,206.62
2026-08-14,CRWD,175.25,203.11,206.88
2026-08-17,CRWD,174.85,203.37,207.42
2026-08-18,CRWD,175.69,203.63,207.94
2026-08-19,CRWD,174.04,203.89,208.46
2026-08-20,CRWD,173.64,204.15,208.99
2026-08-21,CRWD,173.26,204.41,209.53
2026-08-24,CRWD,172.88,201.79,207.1
2026-08-25,CRWD,172.5,204.93,210.59
2026-08-26,CRWD,172.12,205.18,211.13
2026-08-27,CRWD,171.76,206.22,213.28
2026-08-28,CRWD,172.56,206.22,213.24
2026-08-31,CRWD,171.04,206.16,213.12
2026-09-01,CRWD,170.69,206.42,213.68
2026-09-02,CRWD,170.35,206.76,214.36
2026-09-03,CRWD,170.01,207.02,214.92
2026-09-04,CRWD,169.67,207.24,215.36
2026-07-07,PANW,351.54,359.85,360.07
2026-07-08,PANW,348.2,360.07,360.54
2026-07-09,PANW,345.61,360.32,360.97
2026-07-10,PANW,343.45,360.54,361.43
2026-07-13,PANW,341.55,360.75,361.87
2026-07-14,PANW,339.82,360.97,362.33
2026-07-15,PANW,344.78,361.22,362.8
2026-07-16,PANW,336.76,361.43,363.23
2026-07-17,PANW,335.36,361.65,363.7
2026-07-20,PANW,334.03,361.87,364.13
2026-07-21,PANW,332.81,362.12,364.6
2026-07-22,PANW,331.62,362.33,365.07
2026-07-23,PANW,330.47,362.55,365.5
2026-07-24,PANW,329.35,362.8,365.97
2026-07-27,PANW,333.35,363.02,366.43
2026-07-28,PANW,327.27,363.23,366.86
2026-07-29,PANW,326.26,358.34,362.15
2026-07-30,PANW,325.29,360.61,364.67
2026-07-31,PANW,324.36,363.92,368.27
2026-08-03,PANW,323.46,364.13,368.7
2026-08-04,PANW,322.56,364.38,369.17
2026-08-05,PANW,321.69,364.6,369.63
2026-08-06,PANW,324.43,364.81,370.1
2026-08-07,PANW,320.0,365.28,371.0
2026-08-10,PANW,319.18,365.75,371.94
2026-08-11,PANW,318.39,366.18,372.87
2026-08-12,PANW,317.59,366.65,373.81
2026-08-13,PANW,316.8,367.12,374.74
2026-08-14,PANW,316.05,362.41,370.39
2026-08-17,PANW,315.33,368.02,376.61
2026-08-18,PANW,316.84,368.48,377.55
2026-08-19,PANW,313.85,370.32,381.32
2026-08-20,PANW,313.14,370.28,381.29
2026-08-21,PANW,312.45,370.17,381.03
2026-08-24,PANW,311.77,370.68,382.04
2026-08-25,PANW,311.09,371.25,383.23
2026-08-26,PANW,310.4,371.72,384.2
2026-08-27,PANW,309.75,372.08,384.99
2026-08-28,PANW,311.19,372.4,385.6
2026-08-31,PANW,308.46,372.62,386.11
2026-09-01,PANW,307.81,372.87,386.57
2026-09-02,PANW,307.2,373.09,387.08
2026-09-03,PANW,306.59,373.34,387.54
2026-09-04,PANW,305.98,373.55,388.01
2026-07-07,OKTA,144.96,148.43,148.57
2026-07-08,OKTA,143.58,148.57,148.83
2026-07-09,OKTA,142.52,148.7,149.1
2026-07-10,OKTA,141.63,148.83,149.37
2026-07-13,OKTA,140.84,148.97,149.65
2026-07-14,OKTA,140.13,149.1,149.92
2026-07-15,OKTA,142.18,149.23,150.18
2026-07-16,OKTA,138.87,149.37,150.47
2026-07-17,OKTA,138.29,149.52,150.73
2026-07-20,OKTA,137.74,149.65,151.0
2026-07-21,OKTA,137.24,149.78,151.28
2026-07-22,OKTA,136.75,149.92,151.55
2026-07-23,OKTA,136.27,150.05,151.83
2026-07-24,OKTA,135.81,150.18,152.1
2026-07-27,OKTA,137.46,150.32,152.38
2026-07-28,OKTA,134.95,150.47,152.65
2026-07-29,OKTA,134.54,148.48,150.78
2026-07-30,OKTA,134.14,149.46,151.9
2026-07-31,OKTA,133.75,150.87,153.48
2026-08-03,OKTA,133.38,151.0,153.76
2026-08-04,OKTA,133.01,151.13,154.02
2026-08-05,OKTA,132.65,151.28,154.31
2026-08-06,OKTA,133.78,151.41,154.59
2026-08-07,OKTA,131.96,151.55,154.87
2026-08-10,OKTA,131.62,151.68,155.15
2026-08-11,OKTA,131.29,151.83,155.43
2026-08-12,OKTA,130.96,151.96,155.72
2026-08-13,OKTA,130.64,152.1,156.0
2026-08-14,OKTA,130.33,152.38,156.56
2026-08-17,OKTA,130.03,152.65,157.12
2026-08-18,OKTA,130.65,152.93,157.69
2026-08-19,OKTA,129.42,153.19,158.27
2026-08-20,OKTA,129.12,153.48,158.83
2026-08-21,OKTA,128.84,151.59,157.17
2026-08-24,OKTA,128.56,154.02,159.99
2026-08-25,OKTA,128.28,154.31,160.56
2026-08-26,OKTA,128.0,155.43,162.91
2026-08-27,OKTA,127.73,155.42,162.88
2026-08-28,OKTA,128.32,155.34,162.73
2026-08-31,OKTA,127.2,155.64,163.34
2026-09-01,OKTA,126.93,156.0,164.09
2026-09-02,OKTA,126.68,156.28,164.69
2026-09-03,OKTA,126.43,156.52,165.18
2026-09-04,OKTA,126.17,156.69,165.56
2026-07-07,TSLA,408.95,418.49,418.61
2026-07-08,TSLA,405.06,418.61,418.9
2026-07-09,TSLA,402.04,418.78,419.15
2026-07-10,TSLA,399.53,418.9,419.45
2026-07-13,TSLA,397.32,419.15,419.99
2026-07-14,TSLA,395.31,419.45,420.54
2026-07-15,TSLA,401.08,419.7,421.08
2026-07-16,TSLA,391.75,420.24,422.17
2026-07-17,TSLA,390.12,420.79,423.25
2026-07-20,TSLA,388.57,415.39,418.36
2026-07-21,TSLA,387.15,421.87,425.43
2026-07-22,TSLA,385.77,422.42,426.52
2026-07-23,TSLA,384.43,424.59,430.91
2026-07-24,TSLA,383.13,424.59,430.87
2026-07-27,TSLA,387.78,424.43,430.62
2026-07-28,TSLA,380.71,425.01,431.75
2026-07-29,TSLA,379.54,419.7,427.06
2026-07-30,TSLA,378.41,422.67,430.62
2026-07-31,TSLA,377.32,426.69,435.22
2026-08-03,TSLA,376.27,427.06,435.97
2026-08-04,TSLA,375.23,427.35,436.52
2026-08-05,TSLA,374.22,427.61,437.06
2026-08-06,TSLA,377.4,427.9,437.65
2026-08-07,TSLA,372.26,428.15,438.19
2026-08-10,TSLA,371.29,428.44,438.78
2026-08-11,TSLA,370.37,428.74,439.32
2026-08-12,TSLA,369.45,428.99,439.91
2026-08-13,TSLA,368.53,429.28,440.45
2026-08-14,TSLA,367.65,429.53,441.04
2026-08-17,TSLA,366.82,429.82,441.62
2026-08-18,TSLA,368.58,430.12,442.16
2026-08-19,TSLA,365.1,430.37,442.75
2026-08-20,TSLA,364.27,430.66,443.29
2026-08-21,TSLA,363.47,430.91,443.88
2026-08-24,TSLA,362.68,431.2,444.47
2026-08-25,TSLA,361.88,431.5,445.01
2026-08-26,TSLA,361.09,431.75,445.6
2026-08-27,TSLA,360.33,432.04,446.18
2026-08-28,TSLA,362.01,432.33,446.72
2026-08-31,TSLA,358.83,432.58,447.31
2026-09-01,TSLA,358.07,432.88,447.9
2026-09-02,TSLA,357.36,433.17,448.48
2026-09-03,TSLA,356.65,433.42,449.07
2026-09-04,TSLA,355.94,433.71,449.61
2026-07-07,DELL,402.23,411.74,412.02
2026-07-08,DELL,398.4,412.02,412.52
2026-07-09,DELL,395.44,412.27,413.05
2026-07-10,DELL,392.97,412.52,413.59
2026-07-13,DELL,390.79,412.81,414.12
2026-07-14,DELL,388.82,413.05,414.62
2026-07-15,DELL,394.5,413.3,415.15
2026-07-16,DELL,385.32,413.59,415.69
2026-07-17,DELL,383.71,413.84,416.22
2026-07-20,DELL,382.19,414.12,416.76
2026-07-21,DELL,380.79,414.37,417.25
2026-07-22,DELL,379.43,414.62,417.79
2026-07-23,DELL,378.12,414.91,418.32
2026-07-24,DELL,376.84,415.15,418.86
2026-07-27,DELL,381.41,415.4,419.39
2026-07-28,DELL,374.46,415.69,419.93
2026-07-29,DELL,373.3,410.09,414.54
2026-07-30,DELL,372.19,412.68,417.42
2026-07-31,DELL,371.12,416.47,421.53
2026-08-03,DELL,370.09,416.76,422.07
2026-08-04,DELL,369.07,417.0,422.6
2026-08-05,DELL,368.08,417.25,423.14
2026-08-06,DELL,371.21,417.54,423.67
2026-08-07,DELL,366.14,417.79,424.21
2026-08-10,DELL,365.2,418.07,424.74
2026-08-11,DELL,364.29,418.32,425.27
2026-08-12,DELL,363.39,418.61,425.81
2026-08-13,DELL,362.48,418.86,426.34
2026-08-14,DELL,361.62,419.1,426.88
2026-08-17,DELL,360.79,419.64,427.99
2026-08-18,DELL,362.52,420.17,429.06
2026-08-19,DELL,359.11,420.71,430.13
2026-08-20,DELL,358.28,421.24,431.24
2026-08-21,DELL,357.5,421.78,432.35
2026-08-24,DELL,356.72,416.39,427.33
2026-08-25,DELL,355.94,422.85,434.53
2026-08-26,DELL,355.16,423.38,435.64
2026-08-27,DELL,354.42,425.52,440.09
2026-08-28,DELL,356.06,425.52,440.01
2026-08-31,DELL,352.93,425.4,439.76
2026-09-01,DELL,352.19,425.93,440.91
2026-09-02,DELL,351.49,426.63,442.31
2026-09-03,DELL,350.8,427.17,443.46
2026-09-04,DELL,350.1,427.62,444.37
2026-07-07,NVTS,14.67,15.41,15.43
2026-07-08,NVTS,14.37,15.43,15.45
2026-07-09,NVTS,14.13,15.44,15.48
2026-07-10,NVTS,13.94,15.45,15.51
2026-07-13,NVTS,13.76,15.47,15.53
2026-07-14,NVTS,13.61,15.48,15.56
2026-07-15,NVTS,14.02,15.49,15.59
2026-07-16,NVTS,13.33,15.52,15.64
2026-07-17,NVTS,13.21,15.55,15.7
2026-07-20,NVTS,13.09,15.57,15.75
2026-07-21,NVTS,12.97,15.6,15.81
2026-07-22,NVTS,12.87,15.63,15.86
2026-07-23,NVTS,12.76,15.66,15.92
2026-07-24,NVTS,12.66,15.68,15.97
2026-07-27,NVTS,12.97,15.71,16.03
2026-07-28,NVTS,12.47,15.74,16.08
2026-07-29,NVTS,12.38,15.3,15.66
2026-07-30,NVTS,12.3,15.51,15.91
2026-07-31,NVTS,12.21,15.82,16.25
2026-08-03,NVTS,12.13,15.87,16.36
2026-08-04,NVTS,12.05,15.93,16.48
2026-08-05,NVTS,11.97,15.51,16.1
2026-08-06,NVTS,12.17,16.04,16.71
2026-08-07,NVTS,11.82,16.1,16.82
2026-08-10,NVTS,11.74,16.32,17.3
2026-08-11,NVTS,11.67,16.32,17.29
2026-08-12,NVTS,11.6,16.31,17.27
2026-08-13,NVTS,11.53,16.36,17.39
2026-08-14,NVTS,11.46,16.44,17.55
2026-08-17,NVTS,11.39,16.49,17.67
2026-08-18,NVTS,11.5,16.54,17.77
2026-08-19,NVTS,11.26,16.58,17.85
2026-08-20,NVTS,11.2,16.61,17.91
2026-08-21,NVTS,11.13,16.64,17.97
2026-08-24,NVTS,11.07,16.67,18.03
2026-08-25,NVTS,11.01,16.69,18.1
2026-08-26,NVTS,10.95,16.72,18.16
2026-08-27,NVTS,10.89,16.75,18.22
2026-08-28,NVTS,10.99,16.78,18.29
2026-08-31,NVTS,10.77,16.81,18.35
2026-09-01,NVTS,10.72,16.84,18.41
2026-09-02,NVTS,10.66,16.87,18.48
2026-09-03,NVTS,10.6,16.9,18.54
2026-09-04,NVTS,10.55,16.93,18.61
2026-07-07,VICR,276.46,285.18,285.35
2026-07-08,VICR,272.93,285.35,285.72
2026-07-09,VICR,270.19,285.55,286.06
2026-07-10,VICR,267.91,285.72,286.44
2026-07-13,VICR,265.89,286.06,287.15
2026-07-14,VICR,264.06,286.44,287.86
2026-07-15,VICR,269.19,286.81,288.6
2026-07-16,VICR,260.81,282.13,284.58
2026-07-17,VICR,259.36,288.23,291.48
2026-07-20,VICR,257.96,288.94,292.93
2026-07-21,VICR,256.65,291.85,298.83
2026-07-22,VICR,255.4,291.82,298.78
2026-07-23,VICR,254.17,291.65,298.43
2026-07-24,VICR,253.03,292.39,299.97
2026-07-27,VICR,257.05,293.3,301.88
2026-07-28,VICR,250.81,294.04,303.39
2026-07-29,VICR,249.75,289.14,298.92
2026-07-30,VICR,248.73,291.82,302.2
2026-07-31,VICR,247.73,295.5,306.39
2026-08-03,VICR,246.76,295.87,307.16
2026-08-04,VICR,245.82,296.24,307.92
2026-08-05,VICR,244.91,296.61,308.69
2026-08-06,VICR,247.67,296.98,309.46
2026-08-07,VICR,243.11,297.35,310.23
2026-08-10,VICR,242.26,297.72,311.03
2026-08-11,VICR,241.4,298.09,311.8
2026-08-12,VICR,240.58,298.46,312.57
2026-08-13,VICR,239.78,298.83,313.37
2026-08-14,VICR,238.95,299.23,314.14
2026-08-17,VICR,238.18,299.6,314.94
2026-08-18,VICR,239.66,299.97,315.71
2026-08-19,VICR,236.64,300.34,316.5
2026-08-20,VICR,235.9,300.71,317.3
2026-08-21,VICR,235.16,301.08,318.07
2026-08-24,VICR,234.42,301.46,318.87
2026-08-25,VICR,233.71,301.85,319.67
2026-08-26,VICR,233.0,302.22,320.47
2026-08-27,VICR,232.31,302.6,321.26
2026-08-28,VICR,233.71,302.97,322.06
2026-08-31,VICR,230.94,303.36,322.89
2026-09-01,VICR,230.26,303.74,323.69
2026-09-02,VICR,229.6,304.11,324.48
2026-09-03,VICR,228.95,304.5,325.31
2026-09-04,VICR,228.29,304.88,326.11
2026-07-07,POWI,71.93,73.63,73.66
2026-07-08,POWI,71.25,73.66,73.74
2026-07-09,POWI,70.72,73.7,73.81
2026-07-10,POWI,70.28,73.74,73.89
2026-07-13,POWI,69.89,73.77,73.97
2026-07-14,POWI,69.54,73.81,74.04
2026-07-15,POWI,70.55,73.85,74.11
2026-07-16,POWI,68.91,73.93,74.26
2026-07-17,POWI,68.62,74.0,74.41
2026-07-20,POWI,68.35,74.08,74.56
2026-07-21,POWI,68.1,74.15,74.72
2026-07-22,POWI,67.86,74.22,74.86
2026-07-23,POWI,67.62,74.3,75.02
2026-07-24,POWI,67.39,74.38,75.17
2026-07-27,POWI,68.21,74.52,75.47
2026-07-28,POWI,66.97,74.68,75.78
2026-07-29,POWI,66.76,73.77,75.02
2026-07-30,POWI,66.56,73.3,74.69
2026-07-31,POWI,66.37,75.13,76.7
2026-08-03,POWI,66.19,75.28,77.01
2026-08-04,POWI,66.0,75.89,78.27
2026-08-05,POWI,65.83,75.89,78.26
2026-08-06,POWI,66.39,75.85,78.18
2026-08-07,POWI,65.48,76.01,78.51
2026-08-10,POWI,65.31,76.2,78.91
2026-08-11,POWI,65.15,76.36,79.23
2026-08-12,POWI,64.99,76.49,79.5
2026-08-13,POWI,64.83,76.59,79.71
2026-08-14,POWI,64.67,76.67,79.87
2026-08-17,POWI,64.52,76.74,80.03
2026-08-18,POWI,64.83,76.82,80.19
2026-08-19,POWI,64.22,76.9,80.35
2026-08-20,POWI,64.07,76.98,80.51
2026-08-21,POWI,63.93,77.06,80.68
2026-08-24,POWI,63.8,77.13,80.85
2026-08-25,POWI,63.66,77.21,81.01
2026-08-26,POWI,63.52,77.28,81.17
2026-08-27,POWI,63.38,77.37,81.33
2026-08-28,POWI,63.68,77.45,81.5
2026-08-31,POWI,63.12,77.52,81.66
2026-09-01,POWI,62.99,77.6,81.83
2026-09-02,POWI,62.86,77.68,81.99
2026-09-03,POWI,62.74,77.76,82.16
2026-09-04,POWI,62.61,77.84,82.33
2026-07-07,MPWR,1315.84,1346.67,1347.34
2026-07-08,MPWR,1303.32,1347.34,1348.55
2026-07-09,MPWR,1293.63,1347.88,1349.63
2026-07-10,MPWR,1285.55,1348.55,1350.84
2026-07-13,MPWR,1278.42,1349.09,1352.05
2026-07-14,MPWR,1271.96,1349.63,1353.26
2026-07-15,MPWR,1290.53,1350.3,1354.48
2026-07-16,MPWR,1260.52,1351.51,1356.76
2026-07-17,MPWR,1255.27,1352.59,1359.19
2026-07-20,MPWR,1250.29,1353.8,1361.61
2026-07-21,MPWR,1245.71,1355.01,1363.9
2026-07-22,MPWR,1241.27,1356.23,1366.32
2026-07-23,MPWR,1236.96,1358.65,1371.17
2026-07-24,MPWR,1232.79,1360.94,1376.01
2026-07-27,MPWR,1247.73,1363.36,1380.86
2026-07-28,MPWR,1224.98,1346.53,1366.19
2026-07-29,MPWR,1221.21,1348.96,1371.03
2026-07-30,MPWR,1217.57,1359.05,1383.69
2026-07-31,MPWR,1214.07,1380.19,1415.19
2026-08-03,MPWR,1210.71,1380.05,1414.92
2026-08-04,MPWR,1207.34,1379.51,1413.71
2026-08-05,MPWR,1204.11,1381.94,1418.82
2026-08-06,MPWR,1214.34,1385.03,1425.15
2026-08-07,MPWR,1197.79,1387.59,1430.26
2026-08-10,MPWR,1194.69,1389.48,1434.3
2026-08-11,MPWR,1191.73,1391.09,1437.67
2026-08-12,MPWR,1188.77,1392.3,1440.22
2026-08-13,MPWR,1185.81,1393.65,1442.65
2026-08-14,MPWR,1182.98,1394.86,1445.21
2026-08-17,MPWR,1180.29,1396.07,1447.76
2026-08-18,MPWR,1185.94,1397.28,1450.32
2026-08-19,MPWR,1174.77,1398.49,1452.88
2026-08-20,MPWR,1172.08,1399.71,1455.44
2026-08-21,MPWR,1169.52,1400.92,1457.99
2026-08-24,MPWR,1166.96,1402.13,1460.55
2026-08-25,MPWR,1164.4,1403.34,1463.11
2026-08-26,MPWR,1161.84,1404.69,1465.67
2026-08-27,MPWR,1159.42,1405.9,1468.22
2026-08-28,MPWR,1164.81,1407.11,1470.78
2026-08-31,MPWR,1154.58,1408.32,1473.34
2026-09-01,MPWR,1152.15,1409.53,1476.03
2026-09-02,MPWR,1149.86,1410.74,1478.59
2026-09-03,MPWR,1147.58,1412.09,1481.15
2026-09-04,MPWR,1145.29,1413.3,1483.84
2026-07-07,MU,952.97,990.4,990.69
2026-07-08,MU,937.62,990.69,991.29
2026-07-09,MU,925.74,990.99,991.98
2026-07-10,MU,915.84,991.29,992.58
2026-07-13,MU,907.03,991.68,993.17
2026-07-14,MU,899.11,991.98,993.76
2026-07-15,MU,920.79,992.28,994.46
2026-07-16,MU,885.05,992.87,995.64
2026-07-17,MU,878.71,993.47,996.93
2026-07-20,MU,872.67,994.16,998.12
2026-07-21,MU,866.93,994.75,999.41
2026-07-22,MU,861.49,995.35,1000.6
2026-07-23,MU,856.24,995.94,1001.88
2026-07-24,MU,851.19,996.63,1003.17
2026-07-27,MU,867.92,997.23,1004.36
2026-07-28,MU,841.59,997.82,1005.64
2026-07-29,MU,837.03,975.05,983.27
2026-07-30,MU,832.58,985.05,993.96
2026-07-31,MU,828.22,999.7,1009.41
2026-08-03,MU,824.06,1000.3,1010.69
2026-08-04,MU,820.0,1000.99,1011.88
2026-08-05,MU,815.94,1001.59,1013.17
2026-08-06,MU,827.23,1002.18,1014.46
2026-08-07,MU,808.22,1002.77,1015.74
2026-08-10,MU,804.46,1003.47,1016.93
2026-08-11,MU,800.79,1004.06,1018.22
2026-08-12,MU,797.13,1004.65,1019.51
2026-08-13,MU,793.66,1005.35,1020.79
2026-08-14,MU,790.2,1005.94,1022.08
2026-08-17,MU,786.73,1006.54,1023.37
2026-08-18,MU,792.67,1007.23,1024.56
2026-08-19,MU,780.1,1007.82,1025.84
2026-08-20,MU,776.83,1008.42,1027.13
2026-08-21,MU,773.57,1009.11,1028.42
2026-08-24,MU,770.4,1009.7,1029.7
2026-08-25,MU,767.33,1010.3,1030.99
2026-08-26,MU,764.26,1010.99,1032.28
2026-08-27,MU,761.19,1011.59,1033.57
2026-08-28,MU,766.73,1012.28,1034.85
2026-08-31,MU,755.25,1012.87,1036.14
2026-09-01,MU,752.38,1013.47,1037.43
2026-09-02,MU,749.51,1014.16,1038.71
2026-09-03,MU,746.63,1014.75,1040.0
2026-09-04,MU,743.86,1015.35,1041.29
2026-07-07,SNDK,1658.48,1723.44,1723.79
2026-07-08,SNDK,1631.78,1723.79,1724.48
2026-07-09,SNDK,1611.1,1724.13,1725.34
2026-07-10,SNDK,1593.87,1724.48,1726.03
2026-07-13,SNDK,1578.53,1725.0,1726.72
2026-07-14,SNDK,1564.75,1725.34,1727.41
2026-07-15,SNDK,1602.48,1725.68,1728.27
2026-07-16,SNDK,1540.28,1726.37,1729.65
2026-07-17,SNDK,1529.25,1727.06,1731.2
2026-07-20,SNDK,1518.74,1727.75,1732.58
2026-07-21,SNDK,1508.75,1728.61,1733.96
2026-07-22,SNDK,1499.27,1729.3,1735.51
2026-07-23,SNDK,1490.14,1729.99,1736.88
2026-07-24,SNDK,1481.35,1730.68,1738.44
2026-07-27,SNDK,1510.47,1731.54,1739.81
2026-07-28,SNDK,1464.63,1732.92,1742.92
2026-07-29,SNDK,1456.71,1693.81,1704.84
2026-07-30,SNDK,1448.95,1711.38,1724.13
2026-07-31,SNDK,1441.37,1696.56,1710.69
2026-08-03,SNDK,1434.14,1738.78,1754.63
2026-08-04,SNDK,1427.07,1740.33,1757.56
2026-08-05,SNDK,1420.01,1746.19,1769.45
2026-08-06,SNDK,1439.65,1746.02,1769.28
2026-08-07,SNDK,1406.57,1745.67,1768.59
2026-08-10,SNDK,1400.02,1747.22,1771.69
2026-08-11,SNDK,1393.64,1749.12,1775.48
2026-08-12,SNDK,1387.27,1750.67,1778.58
2026-08-13,SNDK,1381.24,1751.88,1781.0
2026-08-14,SNDK,1375.21,1752.74,1783.06
2026-08-17,SNDK,1369.18,1753.6,1784.44
2026-08-18,SNDK,1379.51,1754.29,1785.99
2026-08-19,SNDK,1357.63,1754.98,1787.54
2026-08-20,SNDK,1351.94,1755.67,1789.09
2026-08-21,SNDK,1346.26,1756.53,1790.47
2026-08-24,SNDK,1340.74,1757.22,1792.02
2026-08-25,SNDK,1335.4,1757.91,1793.57
2026-08-26,SNDK,1330.06,1758.77,1795.13
2026-08-27,SNDK,1324.72,1759.46,1796.5
2026-08-28,SNDK,1334.37,1760.15,1798.05
2026-08-31,SNDK,1314.38,1761.01,1799.61
2026-09-01,SNDK,1309.38,1761.7,1801.16
2026-09-02,SNDK,1304.39,1762.39,1802.71
2026-09-03,SNDK,1299.39,1763.25,1804.26
2026-09-04,SNDK,1294.57,1763.94,1805.64
2026-07-07,HIMX,14.01,14.49,14.5
2026-07-08,HIMX,13.81,14.5,14.53
2026-07-09,HIMX,13.66,14.51,14.55
2026-07-10,HIMX,13.54,14.53,14.57
2026-07-13,HIMX,13.43,14.54,14.59
2026-07-14,HIMX,13.33,14.55,14.62
2026-07-15,HIMX,13.61,14.56,14.64
2026-07-16,HIMX,13.15,14.58,14.69
2026-07-17,HIMX,13.07,14.61,14.73
2026-07-20,HIMX,12.99,14.63,14.78
2026-07-21,HIMX,12.92,14.65,14.83
2026-07-22,HIMX,12.85,14.68,14.87
2026-07-23,HIMX,12.78,14.7,14.92
2026-07-24,HIMX,12.72,14.72,14.97
2026-07-27,HIMX,12.94,14.74,15.01
2026-07-28,HIMX,12.6,14.77,15.06
2026-07-29,HIMX,12.54,14.51,14.85
2026-07-30,HIMX,12.48,14.68,15.07
2026-07-31,HIMX,12.43,14.91,15.35
2026-08-03,HIMX,12.38,14.65,15.13
2026-08-04,HIMX,12.32,15.0,15.54
2026-08-05,HIMX,12.27,15.05,15.64
2026-08-06,HIMX,12.42,15.24,16.04
2026-08-07,HIMX,12.17,15.24,16.04
2026-08-10,HIMX,12.13,15.23,16.01
2026-08-11,HIMX,12.08,15.28,16.12
2026-08-12,HIMX,12.03,15.34,16.25
2026-08-13,HIMX,11.99,15.39,16.35
2026-08-14,HIMX,11.95,15.43,16.43
2026-08-17,HIMX,11.9,15.46,16.5
2026-08-18,HIMX,11.98,15.48,16.55
2026-08-19,HIMX,11.82,15.51,16.61
2026-08-20,HIMX,11.78,15.53,16.66
2026-08-21,HIMX,11.74,15.56,16.71
2026-08-24,HIMX,11.7,15.58,16.76
2026-08-25,HIMX,11.66,15.6,16.82
2026-08-26,HIMX,11.62,15.63,16.87
2026-08-27,HIMX,11.58,15.65,16.92
2026-08-28,HIMX,11.65,15.68,16.97
2026-08-31,HIMX,11.5,15.7,17.03
2026-09-01,HIMX,11.47,15.73,17.08
2026-09-02,HIMX,11.43,15.75,17.14
2026-09-03,HIMX,11.39,15.78,17.19
2026-09-04,HIMX,11.36,15.8,17.24
2026-07-07,CRUS,145.48,148.89,148.95
2026-07-08,CRUS,144.1,148.95,149.05
2026-07-09,CRUS,143.03,148.99,149.17
2026-07-10,CRUS,142.13,149.05,149.28
2026-07-13,CRUS,141.34,149.11,149.4
2026-07-14,CRUS,140.63,149.17,149.5
2026-07-15,CRUS,142.68,149.22,149.62
2026-07-16,CRUS,139.36,149.34,149.84
2026-07-17,CRUS,138.78,149.46,150.07
2026-07-20,CRUS,138.23,149.56,150.3
2026-07-21,CRUS,137.73,149.78,150.75
2026-07-22,CRUS,137.24,150.02,151.21
2026-07-23,CRUS,136.76,150.24,151.67
2026-07-24,CRUS,136.3,148.35,149.99
2026-07-27,CRUS,137.95,150.69,152.58
2026-07-28,CRUS,135.44,150.93,153.06
2026-07-29,CRUS,135.02,149.71,152.73
2026-07-30,CRUS,134.62,150.54,153.58
2026-07-31,CRUS,134.23,151.78,154.78
2026-08-03,CRUS,133.86,152.01,155.26
2026-08-04,CRUS,133.49,152.3,155.85
2026-08-05,CRUS,133.13,152.54,156.33
2026-08-06,CRUS,134.26,152.73,156.72
2026-08-07,CRUS,132.43,152.88,157.03
2026-08-10,CRUS,132.09,153.0,157.27
2026-08-11,CRUS,131.76,153.1,157.51
2026-08-12,CRUS,131.43,153.22,157.74
2026-08-13,CRUS,131.1,153.34,157.98
2026-08-14,CRUS,130.79,153.46,158.22
2026-08-17,CRUS,130.49,153.58,158.46
2026-08-18,CRUS,131.12,153.68,158.7
2026-08-19,CRUS,129.88,153.8,158.94
2026-08-20,CRUS,129.59,153.92,159.19
2026-08-21,CRUS,129.3,154.04,159.43
2026-08-24,CRUS,129.02,154.16,159.66
2026-08-25,CRUS,128.74,154.26,159.9
2026-08-26,CRUS,128.46,154.38,160.14
2026-08-27,CRUS,128.19,154.5,160.39
2026-08-28,CRUS,128.78,154.62,160.63
2026-08-31,CRUS,127.65,154.74,160.87
2026-09-01,CRUS,127.38,154.86,161.12
2026-09-02,CRUS,127.13,154.98,161.36
2026-09-03,CRUS,126.88,155.08,161.61
2026-09-04,CRUS,126.62,155.2,161.85
2026-07-07,SITM,607.22,626.25,626.56
2026-07-08,SITM,599.46,626.56,627.06
2026-07-09,SITM,593.45,626.81,627.63
2026-07-10,SITM,588.44,627.06,628.13
2026-07-13,SITM,584.0,627.31,628.69
2026-07-14,SITM,579.99,627.63,629.19
2026-07-15,SITM,591.26,627.88,629.76
2026-07-16,SITM,572.85,628.38,630.82
2026-07-17,SITM,569.66,628.94,631.88
2026-07-20,SITM,566.59,629.51,633.01
2026-07-21,SITM,563.71,630.01,634.08
2026-07-22,SITM,560.96,630.57,635.14
2026-07-23,SITM,558.27,631.07,636.2
2026-07-24,SITM,555.76,631.63,637.33
2026-07-27,SITM,564.59,632.2,638.39
2026-07-28,SITM,550.88,633.26,640.59
2026-07-29,SITM,548.56,622.43,630.7
2026-07-30,SITM,546.31,628.25,637.71
2026-07-31,SITM,544.12,624.56,635.01
2026-08-03,SITM,541.99,637.58,649.41
2026-08-04,SITM,539.93,638.71,651.6
2026-08-05,SITM,537.92,643.03,660.56
2026-08-06,SITM,543.99,643.03,660.49
2026-08-07,SITM,533.98,642.71,659.93
2026-08-10,SITM,532.1,643.84,662.25
2026-08-11,SITM,530.22,645.28,665.12
2026-08-12,SITM,528.41,646.41,667.44
2026-08-13,SITM,526.65,647.28,669.26
2026-08-14,SITM,524.84,648.04,670.76
2026-08-17,SITM,523.15,648.54,671.95
2026-08-18,SITM,526.4,649.1,673.08
2026-08-19,SITM,519.77,649.66,674.2
2026-08-20,SITM,518.14,650.23,675.39
2026-08-21,SITM,516.51,650.79,676.52
2026-08-24,SITM,514.88,651.35,677.71
2026-08-25,SITM,513.32,651.92,678.83
2026-08-26,SITM,511.75,652.42,680.02
2026-08-27,SITM,510.25,652.98,681.15
2026-08-28,SITM,513.32,653.54,682.34
2026-08-31,SITM,507.25,654.11,683.47
2026-09-01,SITM,505.75,654.67,684.66
2026-09-02,SITM,504.31,655.23,685.85
2026-09-03,SITM,502.87,655.8,686.97
2026-09-04,SITM,501.43,656.36,688.16
2026-07-07,VUZI,2.56,2.73,2.74
2026-07-08,VUZI,2.48,2.74,2.74
2026-07-09,VUZI,2.43,2.74,2.75
2026-07-10,VUZI,2.38,2.74,2.75
2026-07-13,VUZI,2.34,2.74,2.76
2026-07-14,VUZI,2.3,2.75,2.76
2026-07-15,VUZI,2.39,2.75,2.77
2026-07-16,VUZI,2.24,2.75,2.78
2026-07-17,VUZI,2.21,2.76,2.79
2026-07-20,VUZI,2.18,2.76,2.8
2026-07-21,VUZI,2.15,2.77,2.8
2026-07-22,VUZI,2.13,2.77,2.81
2026-07-23,VUZI,2.1,2.78,2.83
2026-07-24,VUZI,2.08,2.78,2.84
2026-07-27,VUZI,2.14,2.79,2.85
2026-07-28,VUZI,2.03,2.79,2.86
2026-07-29,VUZI,2.01,2.69,2.75
2026-07-30,VUZI,1.99,2.74,2.81
2026-07-31,VUZI,1.97,2.81,2.89
2026-08-03,VUZI,1.95,2.81,2.9
2026-08-04,VUZI,1.93,2.82,2.91
2026-08-05,VUZI,1.91,2.82,2.92
2026-08-06,VUZI,1.95,2.83,2.93
2026-08-07,VUZI,1.87,2.83,2.94
2026-08-10,VUZI,1.86,2.84,2.95
2026-08-11,VUZI,1.84,2.84,2.96
2026-08-12,VUZI,1.82,2.85,2.97
2026-08-13,VUZI,1.81,2.85,2.98
2026-08-14,VUZI,1.79,2.86,2.99
2026-08-17,VUZI,1.77,2.86,3.0
2026-08-18,VUZI,1.79,2.87,3.01
2026-08-19,VUZI,1.74,2.87,3.02
2026-08-20,VUZI,1.73,2.88,3.03
2026-08-21,VUZI,1.71,2.88,3.04
2026-08-24,VUZI,1.7,2.89,3.06
2026-08-25,VUZI,1.68,2.89,3.07
2026-08-26,VUZI,1.67,2.9,3.08
2026-08-27,VUZI,1.65,2.9,3.09
2026-08-28,VUZI,1.67,2.91,3.1
2026-08-31,VUZI,1.63,2.91,3.11
2026-09-01,VUZI,1.61,2.92,3.12
2026-09-02,VUZI,1.6,2.92,3.13
2026-09-03,VUZI,1.58,2.93,3.14
2026-09-04,VUZI,1.57,2.94,3.15
2026-07-07,SOUN,6.64,6.97,6.98
2026-07-08,SOUN,6.5,6.98,6.99
2026-07-09,SOUN,6.4,6.98,7.0
2026-07-10,SOUN,6.31,6.99,7.0
2026-07-13,SOUN,6.23,6.99,7.01
2026-07-14,SOUN,6.16,7.0,7.02
2026-07-15,SOUN,6.34,7.0,7.03
2026-07-16,SOUN,6.03,7.01,7.05
2026-07-17,SOUN,5.98,7.02,7.07
2026-07-20,SOUN,5.92,7.03,7.08
2026-07-21,SOUN,5.87,7.04,7.1
2026-07-22,SOUN,5.82,7.04,7.12
2026-07-23,SOUN,5.78,7.05,7.14
2026-07-24,SOUN,5.73,7.06,7.15
2026-07-27,SOUN,5.87,7.08,7.19
2026-07-28,SOUN,5.65,7.1,7.23
2026-07-29,SOUN,5.61,6.9,7.05
2026-07-30,SOUN,5.57,7.01,7.17
2026-07-31,SOUN,5.53,7.15,7.34
2026-08-03,SOUN,5.49,6.96,7.15
2026-08-04,SOUN,5.45,7.19,7.41
2026-08-05,SOUN,5.42,7.2,7.45
2026-08-06,SOUN,5.51,7.28,7.6
2026-08-07,SOUN,5.35,7.28,7.59
2026-08-10,SOUN,5.31,7.27,7.58
2026-08-11,SOUN,5.28,7.29,7.62
2026-08-12,SOUN,5.25,7.31,7.67
2026-08-13,SOUN,5.22,7.33,7.71
2026-08-14,SOUN,5.19,7.35,7.74
2026-08-17,SOUN,5.16,7.36,7.77
2026-08-18,SOUN,5.2,7.37,7.79
2026-08-19,SOUN,5.1,7.38,7.81
2026-08-20,SOUN,5.07,7.39,7.83
2026-08-21,SOUN,5.04,7.4,7.85
2026-08-24,SOUN,5.01,7.4,7.86
2026-08-25,SOUN,4.98,7.41,7.88
2026-08-26,SOUN,4.96,7.42,7.9
2026-08-27,SOUN,4.93,7.43,7.92
2026-08-28,SOUN,4.97,7.44,7.94
2026-08-31,SOUN,4.88,7.45,7.96
2026-09-01,SOUN,4.85,7.46,7.98
2026-09-02,SOUN,4.82,7.47,8.0
2026-09-03,SOUN,4.8,7.48,8.02
2026-09-04,SOUN,4.77,7.49,8.04
2026-07-07,IONQ,46.88,49.37,49.4
2026-07-08,IONQ,45.86,49.4,49.46
2026-07-09,IONQ,45.08,49.43,49.51
2026-07-10,IONQ,44.41,49.46,49.57
2026-07-13,IONQ,43.83,49.48,49.62
2026-07-14,IONQ,43.3,49.51,49.68
2026-07-15,IONQ,44.67,49.54,49.73
2026-07-16,IONQ,42.37,49.59,49.84
2026-07-17,IONQ,41.95,49.65,49.95
2026-07-20,IONQ,41.55,49.7,50.06
2026-07-21,IONQ,41.17,49.75,50.17
2026-07-22,IONQ,40.8,49.81,50.28
2026-07-23,IONQ,40.45,49.87,50.39
2026-07-24,IONQ,40.12,49.92,50.5
2026-07-27,IONQ,41.15,50.03,50.72
2026-07-28,IONQ,39.48,50.14,50.94
2026-07-29,IONQ,39.17,48.68,49.57
2026-07-30,IONQ,38.88,49.41,50.43
2026-07-31,IONQ,38.6,50.47,51.62
2026-08-03,IONQ,38.32,49.0,50.22
2026-08-04,IONQ,38.04,50.69,52.07
2026-08-05,IONQ,37.78,50.8,52.3
2026-08-06,IONQ,38.45,51.25,53.22
2026-08-07,IONQ,37.26,51.25,53.21
2026-08-10,IONQ,37.01,51.22,53.16
2026-08-11,IONQ,36.77,51.33,53.4
2026-08-12,IONQ,36.53,51.48,53.7
2026-08-13,IONQ,36.29,51.59,53.93
2026-08-14,IONQ,36.06,51.68,54.13
2026-08-17,IONQ,35.83,51.76,54.29
2026-08-18,IONQ,36.18,51.81,54.4
2026-08-19,IONQ,35.39,51.87,54.52
2026-08-20,IONQ,35.18,51.93,54.64
2026-08-21,IONQ,34.96,51.99,54.76
2026-08-24,IONQ,34.75,52.04,54.88
2026-08-25,IONQ,34.55,52.1,55.0
2026-08-26,IONQ,34.34,52.16,55.12
2026-08-27,IONQ,34.14,52.21,55.24
2026-08-28,IONQ,34.45,52.27,55.36
2026-08-31,IONQ,33.75,52.33,55.48
2026-09-01,IONQ,33.55,52.39,55.61
2026-09-02,IONQ,33.36,52.44,55.73
2026-09-03,IONQ,33.17,52.5,55.85
2026-09-04,IONQ,32.98,52.56,55.97
2026-07-07,TEM,58.18,60.82,60.88
2026-07-08,TEM,57.12,60.88,60.99
2026-07-09,TEM,56.3,60.93,61.1
2026-07-10,TEM,55.6,60.99,61.21
2026-07-13,TEM,54.99,61.04,61.31
2026-07-14,TEM,54.44,61.1,61.42
2026-07-15,TEM,55.91,61.15,61.53
2026-07-16,TEM,53.46,61.21,61.64
2026-07-17,TEM,53.02,61.25,61.75
2026-07-20,TEM,52.6,61.31,61.86
2026-07-21,TEM,52.2,61.36,61.97
2026-07-22,TEM,51.82,61.42,62.08
2026-07-23,TEM,51.46,61.53,62.3
2026-07-24,TEM,51.11,61.64,62.52
2026-07-27,TEM,52.24,61.75,62.75
2026-07-28,TEM,50.44,61.86,62.97
2026-07-29,TEM,50.12,60.32,61.51
2026-07-30,TEM,49.81,59.47,60.76
2026-07-31,TEM,49.51,62.19,63.65
2026-08-03,TEM,49.22,62.3,63.87
2026-08-04,TEM,48.93,62.75,64.79
2026-08-05,TEM,48.66,62.74,64.78
2026-08-06,TEM,49.41,62.71,64.72
2026-08-07,TEM,48.12,62.83,64.97
2026-08-10,TEM,47.85,62.97,65.26
2026-08-11,TEM,47.6,63.09,65.5
2026-08-12,TEM,47.35,63.18,65.68
2026-08-13,TEM,47.1,63.25,65.84
2026-08-14,TEM,46.86,63.31,65.96
2026-08-17,TEM,46.62,63.36,66.07
2026-08-18,TEM,47.02,63.42,66.19
2026-08-19,TEM,46.16,63.48,66.31
2026-08-20,TEM,45.93,63.53,66.42
2026-08-21,TEM,45.71,63.59,66.55
2026-08-24,TEM,45.49,63.65,66.66
2026-08-25,TEM,45.27,63.7,66.78
2026-08-26,TEM,45.06,63.76,66.91
2026-08-27,TEM,44.85,63.82,67.02
2026-08-28,TEM,45.21,63.87,67.14
2026-08-31,TEM,44.43,63.93,67.26
2026-09-01,TEM,44.23,63.99,67.38
2026-09-02,TEM,44.03,64.04,67.5
2026-09-03,TEM,43.83,64.1,67.62
2026-09-04,TEM,43.64,64.16,67.74
2026-07-07,QBTS,21.48,22.75,22.77
2026-07-08,QBTS,20.96,22.77,22.8
2026-07-09,QBTS,20.56,22.78,22.84
2026-07-10,QBTS,20.23,22.8,22.88
2026-07-13,QBTS,19.93,22.82,22.91
2026-07-14,QBTS,19.67,22.84,22.95
2026-07-15,QBTS,20.35,22.86,22.99
2026-07-16,QBTS,19.19,22.9,23.06
2026-07-17,QBTS,18.98,22.93,23.14
2026-07-20,QBTS,18.78,22.97,23.21
2026-07-21,QBTS,18.58,23.01,23.29
2026-07-22,QBTS,18.4,23.04,23.36
2026-07-23,QBTS,18.22,23.08,23.44
2026-07-24,QBTS,18.05,23.12,23.51
2026-07-27,QBTS,18.56,23.16,23.59
2026-07-28,QBTS,17.73,23.19,23.67
2026-07-29,QBTS,17.57,22.43,22.93
2026-07-30,QBTS,17.43,22.79,23.33
2026-07-31,QBTS,17.28,23.31,23.9
2026-08-03,QBTS,17.14,23.34,23.97
2026-08-04,QBTS,17.0,23.38,24.05
2026-08-05,QBTS,16.87,23.42,24.13
2026-08-06,QBTS,17.19,23.46,24.21
2026-08-07,QBTS,16.61,23.5,24.29
2026-08-10,QBTS,16.48,23.53,24.37
2026-08-11,QBTS,16.36,23.57,24.45
2026-08-12,QBTS,16.23,23.61,24.53
2026-08-13,QBTS,16.12,23.65,24.6
2026-08-14,QBTS,16.0,23.69,24.68
2026-08-17,QBTS,15.88,23.72,24.76
2026-08-18,QBTS,16.04,23.76,24.84
2026-08-19,QBTS,15.66,23.8,24.93
2026-08-20,QBTS,15.55,23.84,25.0
2026-08-21,QBTS,15.44,23.88,25.09
2026-08-24,QBTS,15.33,23.92,25.17
2026-08-25,QBTS,15.23,23.96,25.25
2026-08-26,QBTS,15.12,24.0,25.33
2026-08-27,QBTS,15.02,24.03,25.41
2026-08-28,QBTS,15.17,24.07,25.5
2026-08-31,QBTS,14.82,24.11,25.58
2026-09-01,QBTS,14.72,24.15,25.66
2026-09-02,QBTS,14.63,24.19,25.74
2026-09-03,QBTS,14.53,24.23,25.83
2026-09-04,QBTS,14.44,24.27,25.91
2026-07-07,RGTI,17.01,18.06,18.08
2026-07-08,RGTI,16.58,18.08,18.11
2026-07-09,RGTI,16.25,18.09,18.13
2026-07-10,RGTI,15.97,18.11,18.16
2026-07-13,RGTI,15.73,18.12,18.19
2026-07-14,RGTI,15.51,18.13,18.22
2026-07-15,RGTI,16.06,18.15,18.24
2026-07-16,RGTI,15.12,18.17,18.3
2026-07-17,RGTI,14.94,18.2,18.36
2026-07-20,RGTI,14.77,18.23,18.41
2026-07-21,RGTI,14.61,18.26,18.47
2026-07-22,RGTI,14.45,18.29,18.53
2026-07-23,RGTI,14.31,18.32,18.58
2026-07-24,RGTI,14.17,18.34,18.64
2026-07-27,RGTI,14.58,18.37,18.7
2026-07-28,RGTI,13.9,18.4,18.75
2026-07-29,RGTI,13.77,17.76,18.13
2026-07-30,RGTI,13.65,18.06,18.46
2026-07-31,RGTI,13.53,18.48,18.93
2026-08-03,RGTI,13.41,18.51,18.98
2026-08-04,RGTI,13.29,18.54,19.04
2026-08-05,RGTI,13.18,18.57,19.1
2026-08-06,RGTI,13.45,18.6,19.16
2026-08-07,RGTI,12.97,18.63,19.22
2026-08-10,RGTI,12.86,18.65,19.28
2026-08-11,RGTI,12.76,18.68,19.34
2026-08-12,RGTI,12.66,18.71,19.4
2026-08-13,RGTI,12.56,18.74,19.46
2026-08-14,RGTI,12.46,18.77,19.52
2026-08-17,RGTI,12.37,18.8,19.58
2026-08-18,RGTI,12.5,18.83,19.64
2026-08-19,RGTI,12.18,18.86,19.7
2026-08-20,RGTI,12.09,18.88,19.76
2026-08-21,RGTI,12.0,18.91,19.82
2026-08-24,RGTI,11.91,18.94,19.88
2026-08-25,RGTI,11.82,18.97,19.94
2026-08-26,RGTI,11.74,19.0,20.0
2026-08-27,RGTI,11.65,19.03,20.06
2026-08-28,RGTI,11.77,19.06,20.12
2026-08-31,RGTI,11.49,19.09,20.18
2026-09-01,RGTI,11.4,19.12,20.25
2026-09-02,RGTI,11.32,19.15,20.31
2026-09-03,RGTI,11.24,19.17,20.37
2026-09-04,RGTI,11.17,19.21,20.43
2026-07-07,RXRX,3.74,3.96,3.97
2026-07-08,RXRX,3.65,3.97,3.98
2026-07-09,RXRX,3.58,3.97,3.99
2026-07-10,RXRX,3.52,3.98,4.0
2026-07-13,RXRX,3.47,3.98,4.0
2026-07-14,RXRX,3.43,3.99,4.01
2026-07-15,RXRX,3.54,3.99,4.02
2026-07-16,RXRX,3.34,4.0,4.03
2026-07-17,RXRX,3.31,4.0,4.04
2026-07-20,RXRX,3.27,4.0,4.05
2026-07-21,RXRX,3.24,4.01,4.06
2026-07-22,RXRX,3.21,4.01,4.07
2026-07-23,RXRX,3.17,4.02,4.08
2026-07-24,RXRX,3.15,4.02,4.09
2026-07-27,RXRX,3.23,4.03,4.1
2026-07-28,RXRX,3.09,4.03,4.11
2026-07-29,RXRX,3.06,3.9,3.97
2026-07-30,RXRX,3.04,3.96,4.04
2026-07-31,RXRX,3.01,4.05,4.13
2026-08-03,RXRX,2.99,4.05,4.14
2026-08-04,RXRX,2.96,4.05,4.15
2026-08-05,RXRX,2.94,4.06,4.16
2026-08-06,RXRX,3.0,4.06,4.17
2026-08-07,RXRX,2.89,4.07,4.18
2026-08-10,RXRX,2.87,4.07,4.19
2026-08-11,RXRX,2.85,4.08,4.2
2026-08-12,RXRX,2.83,4.08,4.21
2026-08-13,RXRX,2.81,4.09,4.22
2026-08-14,RXRX,2.79,4.09,4.23
2026-08-17,RXRX,2.77,4.1,4.24
2026-08-18,RXRX,2.8,4.1,4.25
2026-08-19,RXRX,2.73,4.11,4.26
2026-08-20,RXRX,2.71,4.11,4.27
2026-08-21,RXRX,2.69,4.11,4.28
2026-08-24,RXRX,2.67,4.12,4.28
2026-08-25,RXRX,2.65,4.12,4.29
2026-08-26,RXRX,2.63,4.13,4.3
2026-08-27,RXRX,2.62,4.13,4.31
2026-08-28,RXRX,2.64,4.14,4.32
2026-08-31,RXRX,2.58,4.14,4.33
2026-09-01,RXRX,2.57,4.15,4.34
2026-09-02,RXRX,2.55,4.15,4.35
2026-09-03,RXRX,2.53,4.16,4.36
2026-09-04,RXRX,2.52,4.16,4.37
2026-07-07,SERV,6.1,6.46,6.47
2026-07-08,SERV,5.96,6.47,6.48
2026-07-09,SERV,5.84,6.47,6.49
2026-07-10,SERV,5.75,6.48,6.5
2026-07-13,SERV,5.67,6.48,6.5
2026-07-14,SERV,5.59,6.49,6.51
2026-07-15,SERV,5.78,6.49,6.52
2026-07-16,SERV,5.45,6.5,6.54
2026-07-17,SERV,5.39,6.51,6.56
2026-07-20,SERV,5.34,6.52,6.58
2026-07-21,SERV,5.28,6.53,6.6
2026-07-22,SERV,5.23,6.54,6.61
2026-07-23,SERV,5.18,6.55,6.63
2026-07-24,SERV,5.13,6.55,6.65
2026-07-27,SERV,5.27,6.57,6.69
2026-07-28,SERV,5.04,6.59,6.72
2026-07-29,SERV,4.99,6.38,6.53
2026-07-30,SERV,4.95,6.49,6.66
2026-07-31,SERV,4.91,6.65,6.84
2026-08-03,SERV,4.87,6.43,6.64
2026-08-04,SERV,4.83,6.68,6.91
2026-08-05,SERV,4.79,6.7,6.95
2026-08-06,SERV,4.89,6.78,7.11
2026-08-07,SERV,4.72,6.77,7.11
2026-08-10,SERV,4.68,6.77,7.1
2026-08-11,SERV,4.65,6.79,7.14
2026-08-12,SERV,4.61,6.81,7.19
2026-08-13,SERV,4.58,6.83,7.23
2026-08-14,SERV,4.55,6.85,7.26
2026-08-17,SERV,4.51,6.86,7.29
2026-08-18,SERV,4.56,6.87,7.31
2026-08-19,SERV,4.45,6.88,7.33
2026-08-20,SERV,4.42,6.89,7.35
2026-08-21,SERV,4.39,6.9,7.37
2026-08-24,SERV,4.36,6.91,7.39
2026-08-25,SERV,4.33,6.92,7.41
2026-08-26,SERV,4.3,6.93,7.43
2026-08-27,SERV,4.27,6.94,7.45
2026-08-28,SERV,4.31,6.95,7.47
2026-08-31,SERV,4.21,6.96,7.49
2026-09-01,SERV,4.18,6.97,7.51
2026-09-02,SERV,4.16,6.98,7.53
2026-09-03,SERV,4.13,6.99,7.55
2026-09-04,SERV,4.1,6.99,7.57
2026-07-07,ONDS,7.53,7.91,7.92
2026-07-08,ONDS,7.38,7.92,7.93
2026-07-09,ONDS,7.26,7.92,7.94
2026-07-10,ONDS,7.16,7.93,7.94
2026-07-13,ONDS,7.07,7.93,7.95
2026-07-14,ONDS,6.99,7.94,7.96
2026-07-15,ONDS,7.2,7.94,7.97
2026-07-16,ONDS,6.85,7.95,7.99
2026-07-17,ONDS,6.78,7.96,8.0
2026-07-20,ONDS,6.72,7.96,8.02
2026-07-21,ONDS,6.66,7.97,8.04
2026-07-22,ONDS,6.61,7.98,8.05
2026-07-23,ONDS,6.56,7.99,8.07
2026-07-24,ONDS,6.5,8.0,8.09
2026-07-27,ONDS,6.66,8.01,8.11
2026-07-28,ONDS,6.41,8.02,8.12
2026-07-29,ONDS,6.36,7.79,7.9
2026-07-30,ONDS,6.32,7.9,8.03
2026-07-31,ONDS,6.27,8.06,8.21
2026-08-03,ONDS,6.23,8.08,8.24
2026-08-04,ONDS,6.19,8.09,8.28
2026-08-05,ONDS,6.15,8.11,8.31
2026-08-06,ONDS,6.25,7.89,8.1
2026-08-07,ONDS,6.07,8.14,8.39
2026-08-10,ONDS,6.03,8.16,8.42
2026-08-11,ONDS,5.99,8.23,8.57
2026-08-12,ONDS,5.96,8.23,8.56
2026-08-13,ONDS,5.92,8.23,8.56
2026-08-14,ONDS,5.89,8.24,8.59
2026-08-17,ONDS,5.85,8.27,8.64
2026-08-18,ONDS,5.91,8.28,8.68
2026-08-19,ONDS,5.78,8.3,8.71
2026-08-20,ONDS,5.75,8.31,8.73
2026-08-21,ONDS,5.72,8.32,8.75
2026-08-24,ONDS,5.69,8.33,8.77
2026-08-25,ONDS,5.66,8.34,8.79
2026-08-26,ONDS,5.62,8.35,8.81
2026-08-27,ONDS,5.59,8.35,8.82
2026-08-28,ONDS,5.64,8.36,8.84
2026-08-31,ONDS,5.53,8.37,8.86
2026-09-01,ONDS,5.5,8.38,8.88
2026-09-02,ONDS,5.48,8.39,8.9
2026-09-03,ONDS,5.45,8.4,8.92
2026-09-04,ONDS,5.42,8.41,8.94
2026-07-07,RR,1.97,2.1,2.1
2026-07-08,RR,1.92,2.1,2.11
2026-07-09,RR,1.88,2.1,2.11
2026-07-10,RR,1.85,2.11,2.11
2026-07-13,RR,1.82,2.11,2.11
2026-07-14,RR,1.79,2.11,2.12
2026-07-15,RR,1.86,2.11,2.12
2026-07-16,RR,1.74,2.11,2.12
2026-07-17,RR,1.72,2.11,2.13
2026-07-20,RR,1.7,2.12,2.13
2026-07-21,RR,1.68,2.12,2.14
2026-07-22,RR,1.66,2.12,2.14
2026-07-23,RR,1.65,2.12,2.15
2026-07-24,RR,1.63,2.13,2.16
2026-07-27,RR,1.68,2.13,2.16
2026-07-28,RR,1.6,2.13,2.17
2026-07-29,RR,1.58,2.06,2.09
2026-07-30,RR,1.57,2.09,2.13
2026-07-31,RR,1.55,2.14,2.18
2026-08-03,RR,1.54,2.15,2.19
2026-08-04,RR,1.52,2.15,2.2
2026-08-05,RR,1.51,2.16,2.22
2026-08-06,RR,1.54,2.16,2.23
2026-08-07,RR,1.48,2.17,2.24
2026-08-10,RR,1.47,2.09,2.16
2026-08-11,RR,1.46,2.18,2.26
2026-08-12,RR,1.45,2.18,2.27
2026-08-13,RR,1.43,2.21,2.32
2026-08-14,RR,1.42,2.21,2.32
2026-08-17,RR,1.41,2.2,2.31
2026-08-18,RR,1.43,2.21,2.33
2026-08-19,RR,1.39,2.22,2.34
2026-08-20,RR,1.38,2.22,2.35
2026-08-21,RR,1.37,2.23,2.36
2026-08-24,RR,1.35,2.23,2.37
2026-08-25,RR,1.34,2.23,2.38
2026-08-26,RR,1.33,2.24,2.38
2026-08-27,RR,1.32,2.24,2.39
2026-08-28,RR,1.34,2.24,2.39
2026-08-31,RR,1.3,2.24,2.4
2026-09-01,RR,1.29,2.25,2.41
2026-09-02,RR,1.28,2.25,2.41
2026-09-03,RR,1.27,2.25,2.42
2026-09-04,RR,1.26,2.26,2.42
2026-07-07,AAOI,119.25,124.29,124.37
2026-07-08,AAOI,117.19,124.37,124.53
2026-07-09,AAOI,115.61,124.46,124.68
2026-07-10,AAOI,114.28,124.53,124.84
2026-07-13,AAOI,113.11,124.61,124.99
2026-07-14,AAOI,112.05,124.68,125.15
2026-07-15,AAOI,114.92,124.77,125.31
2026-07-16,AAOI,110.17,124.92,125.62
2026-07-17,AAOI,109.31,125.08,125.93
2026-07-20,AAOI,108.51,125.23,126.24
2026-07-21,AAOI,107.74,125.39,126.57
2026-07-22,AAOI,107.0,125.54,126.88
2026-07-23,AAOI,106.31,125.7,127.19
2026-07-24,AAOI,105.62,125.86,127.51
2026-07-27,AAOI,107.84,126.17,128.15
2026-07-28,AAOI,104.34,126.48,128.79
2026-07-29,AAOI,103.74,123.62,126.2
2026-07-30,AAOI,103.14,125.21,128.13
2026-07-31,AAOI,102.56,127.44,130.73
2026-08-03,AAOI,102.0,124.56,128.1
2026-08-04,AAOI,101.45,128.07,132.03
2026-08-05,AAOI,100.92,128.39,132.69
2026-08-06,AAOI,102.39,129.67,135.36
2026-08-07,AAOI,99.87,129.66,135.34
2026-08-10,AAOI,99.38,129.59,135.18
2026-08-11,AAOI,98.88,129.91,135.88
2026-08-12,AAOI,98.41,130.33,136.74
2026-08-13,AAOI,97.92,130.65,137.42
2026-08-14,AAOI,97.46,130.92,137.98
2026-08-17,AAOI,97.0,131.14,138.44
2026-08-18,AAOI,97.79,131.3,138.78
2026-08-19,AAOI,96.11,131.46,139.13
2026-08-20,AAOI,95.67,131.62,139.47
2026-08-21,AAOI,95.25,131.8,139.82
2026-08-24,AAOI,94.83,131.96,140.17
2026-08-25,AAOI,94.41,132.12,140.52
2026-08-26,AAOI,94.0,132.28,140.88
2026-08-27,AAOI,93.59,132.44,141.23
2026-08-28,AAOI,94.31,132.62,141.57
2026-08-31,AAOI,92.79,132.78,141.93
2026-09-01,AAOI,92.41,132.94,142.28
2026-09-02,AAOI,92.02,133.11,142.64
2026-09-03,AAOI,91.64,133.28,142.99
2026-09-04,AAOI,91.26,133.44,143.35
2026-07-07,POET,8.57,9.03,9.04
2026-07-08,POET,8.38,9.04,9.05
2026-07-09,POET,8.24,9.04,9.07
2026-07-10,POET,8.12,9.05,9.08
2026-07-13,POET,8.01,9.06,9.1
2026-07-14,POET,7.91,9.07,9.12
2026-07-15,POET,8.16,9.08,9.13
2026-07-16,POET,7.74,9.09,9.16
2026-07-17,POET,7.67,9.11,9.2
2026-07-20,POET,7.59,9.12,9.23
2026-07-21,POET,7.52,9.14,9.26
2026-07-22,POET,7.46,9.16,9.3
2026-07-23,POET,7.39,9.17,9.33
2026-07-24,POET,7.33,9.19,9.36
2026-07-27,POET,7.52,9.21,9.4
2026-07-28,POET,7.22,9.22,9.43
2026-07-29,POET,7.16,8.95,9.17
2026-07-30,POET,7.11,9.08,9.32
2026-07-31,POET,7.05,9.27,9.53
2026-08-03,POET,7.0,9.29,9.57
2026-08-04,POET,6.95,9.3,9.6
2026-08-05,POET,6.9,9.32,9.63
2026-08-06,POET,7.03,9.34,9.67
2026-08-07,POET,6.81,9.35,9.7
2026-08-10,POET,6.76,9.37,9.74
2026-08-11,POET,6.72,9.39,9.77
2026-08-12,POET,6.68,9.4,9.81
2026-08-13,POET,6.63,9.42,9.84
2026-08-14,POET,6.59,9.44,9.88
2026-08-17,POET,6.55,9.46,9.91
2026-08-18,POET,6.61,9.47,9.95
2026-08-19,POET,6.47,9.49,9.98
2026-08-20,POET,6.43,9.51,10.02
2026-08-21,POET,6.39,9.52,10.05
2026-08-24,POET,6.35,9.54,10.09
2026-08-25,POET,6.31,9.56,10.13
2026-08-26,POET,6.28,9.57,10.16
2026-08-27,POET,6.24,9.59,10.2
2026-08-28,POET,6.3,9.61,10.23
2026-08-31,POET,6.17,9.62,10.27
2026-09-01,POET,6.13,9.64,10.31
2026-09-02,POET,6.1,9.66,10.34
2026-09-03,POET,6.06,9.68,10.38
2026-09-04,POET,6.03,9.69,10.42
2026-07-07,AMKR,68.6,70.56,70.59
2026-07-08,AMKR,67.79,70.59,70.66
2026-07-09,AMKR,67.18,70.63,70.71
2026-07-10,AMKR,66.66,70.66,70.78
2026-07-13,AMKR,66.2,70.68,70.83
2026-07-14,AMKR,65.78,70.71,70.89
2026-07-15,AMKR,66.96,70.74,70.95
2026-07-16,AMKR,65.05,70.8,71.07
2026-07-17,AMKR,64.72,70.86,71.19
2026-07-20,AMKR,64.4,70.98,71.43
2026-07-21,AMKR,64.1,71.1,71.67
2026-07-22,AMKR,63.81,69.99,70.67
2026-07-23,AMKR,63.54,71.34,72.15
2026-07-24,AMKR,63.28,71.46,72.39
2026-07-27,AMKR,64.2,71.94,73.37
2026-07-28,AMKR,62.78,71.93,73.36
2026-07-29,AMKR,62.54,70.67,72.04
2026-07-30,AMKR,62.3,71.28,72.79
2026-07-31,AMKR,62.08,72.18,73.87
2026-08-03,AMKR,61.86,72.31,74.12
2026-08-04,AMKR,61.65,72.41,74.32
2026-08-05,AMKR,61.44,72.48,74.49
2026-08-06,AMKR,62.08,72.55,74.61
2026-08-07,AMKR,61.04,72.6,74.73
2026-08-10,AMKR,60.84,72.67,74.86
2026-08-11,AMKR,60.65,72.73,74.99
2026-08-12,AMKR,60.46,72.79,75.11
2026-08-13,AMKR,60.27,72.85,75.24
2026-08-14,AMKR,60.09,72.91,75.37
2026-08-17,AMKR,59.91,72.97,75.5
2026-08-18,AMKR,60.26,73.03,75.62
2026-08-19,AMKR,59.56,73.1,75.75
2026-08-20,AMKR,59.39,73.15,75.88
2026-08-21,AMKR,59.22,73.22,76.0
2026-08-24,AMKR,59.06,73.28,76.13
2026-08-25,AMKR,58.9,73.34,76.26
2026-08-26,AMKR,58.74,73.4,76.38
2026-08-27,AMKR,58.58,73.46,76.51
2026-08-28,AMKR,58.9,73.53,76.64
2026-08-31,AMKR,58.27,73.58,76.77
2026-09-01,AMKR,58.11,73.65,76.9
2026-09-02,AMKR,57.97,73.71,77.03
2026-09-03,AMKR,57.82,73.77,77.15
2026-09-04,AMKR,57.67,73.83,77.29
2026-07-07,FORM,116.3,119.64,119.7
2026-07-08,FORM,114.94,119.7,119.79
2026-07-09,FORM,113.9,119.75,119.9
2026-07-10,FORM,113.01,119.79,120.0
2026-07-13,FORM,112.24,119.84,120.1
2026-07-14,FORM,111.53,119.9,120.2
2026-07-15,FORM,113.53,119.95,120.31
2026-07-16,FORM,110.29,120.04,120.51
2026-07-17,FORM,109.72,120.15,120.71
2026-07-20,FORM,109.19,120.26,120.93
2026-07-21,FORM,108.68,120.46,121.34
2026-07-22,FORM,108.19,120.67,121.75
2026-07-23,FORM,107.73,120.87,122.17
2026-07-24,FORM,107.28,118.99,120.47
2026-07-27,FORM,108.85,121.29,123.01
2026-07-28,FORM,106.44,121.49,123.43
2026-07-29,FORM,106.03,120.22,122.97
2026-07-30,FORM,105.63,121.05,123.81
2026-07-31,FORM,105.25,122.27,125.0
2026-08-03,FORM,104.88,122.48,125.44
2026-08-04,FORM,104.52,122.75,125.99
2026-08-05,FORM,104.16,122.96,126.42
2026-08-06,FORM,105.25,123.13,126.78
2026-08-07,FORM,103.48,123.26,127.05
2026-08-10,FORM,103.15,123.37,127.28
2026-08-11,FORM,102.82,123.48,127.49
2026-08-12,FORM,102.5,123.58,127.71
2026-08-13,FORM,102.19,123.69,127.93
2026-08-14,FORM,101.88,123.8,128.14
2026-08-17,FORM,101.58,123.9,128.37
2026-08-18,FORM,102.17,124.0,128.58
2026-08-19,FORM,100.98,124.11,128.8
2026-08-20,FORM,100.69,124.22,129.03
2026-08-21,FORM,100.41,124.33,129.24
2026-08-24,FORM,100.13,124.43,129.47
2026-08-25,FORM,99.86,124.54,129.68
2026-08-26,FORM,99.58,124.64,129.91
2026-08-27,FORM,99.32,124.74,130.13
2026-08-28,FORM,99.87,124.85,130.35
2026-08-31,FORM,98.79,124.96,130.57
2026-09-01,FORM,98.53,125.07,130.8
2026-09-02,FORM,98.28,125.17,131.02
2026-09-03,FORM,98.03,125.28,131.24
2026-09-04,FORM,97.78,125.39,131.47
2026-07-07,TTMI,144.81,148.96,149.02
2026-07-08,TTMI,143.11,149.02,149.12
2026-07-09,TTMI,141.81,149.06,149.24
2026-07-10,TTMI,140.71,149.12,149.35
2026-07-13,TTMI,139.74,149.18,149.47
2026-07-14,TTMI,138.86,149.24,149.57
2026-07-15,TTMI,141.35,149.29,149.69
2026-07-16,TTMI,137.32,149.41,149.91
2026-07-17,TTMI,136.62,149.53,150.14
2026-07-20,TTMI,135.95,149.63,150.37
2026-07-21,TTMI,135.32,149.85,150.82
2026-07-22,TTMI,134.71,150.09,151.28
2026-07-23,TTMI,134.13,150.31,151.74
2026-07-24,TTMI,133.58,147.95,149.58
2026-07-27,TTMI,135.53,150.76,152.65
2026-07-28,TTMI,132.52,151.0,153.13
2026-07-29,TTMI,132.01,149.3,152.32
2026-07-30,TTMI,131.52,150.33,153.37
2026-07-31,TTMI,131.05,151.85,154.86
2026-08-03,TTMI,130.59,152.09,155.33
2026-08-04,TTMI,130.14,152.37,155.93
2026-08-05,TTMI,129.69,152.61,156.4
2026-08-06,TTMI,131.05,152.8,156.79
2026-08-07,TTMI,128.84,152.95,157.1
2026-08-10,TTMI,128.43,153.07,157.34
2026-08-11,TTMI,128.02,153.17,157.58
2026-08-12,TTMI,127.62,153.29,157.82
2026-08-13,TTMI,127.24,153.41,158.06
2026-08-14,TTMI,126.85,153.53,158.3
2026-08-17,TTMI,126.48,153.65,158.53
2026-08-18,TTMI,127.21,153.75,158.77
2026-08-19,TTMI,125.73,153.87,159.01
2026-08-20,TTMI,125.37,153.99,159.26
2026-08-21,TTMI,125.02,154.11,159.5
2026-08-24,TTMI,124.67,154.23,159.74
2026-08-25,TTMI,124.33,154.33,159.98
2026-08-26,TTMI,123.99,154.45,160.22
2026-08-27,TTMI,123.66,154.57,160.47
2026-08-28,TTMI,124.35,154.69,160.71
2026-08-31,TTMI,123.01,154.81,160.95
2026-09-01,TTMI,122.68,154.93,161.2
2026-09-02,TTMI,122.37,155.05,161.44
2026-09-03,TTMI,122.05,155.15,161.69
2026-09-04,TTMI,121.74,155.27,161.93
2026-07-07,AEHR,68.61,72.67,72.73
2026-07-08,AEHR,66.95,72.73,72.86
2026-07-09,AEHR,65.68,72.8,72.99
2026-07-10,AEHR,64.61,72.86,73.12
2026-07-13,AEHR,63.67,72.93,73.25
2026-07-14,AEHR,62.82,72.99,73.38
2026-07-15,AEHR,64.98,73.05,73.51
2026-07-16,AEHR,61.3,73.18,73.77
2026-07-17,AEHR,60.62,73.31,74.04
2026-07-20,AEHR,59.97,73.44,74.3
2026-07-21,AEHR,59.36,73.57,74.56
2026-07-22,AEHR,58.77,73.7,74.83
2026-07-23,AEHR,58.2,73.83,75.1
2026-07-24,AEHR,57.66,73.97,75.37
2026-07-27,AEHR,59.28,74.1,75.63
2026-07-28,AEHR,56.63,74.23,75.9
2026-07-29,AEHR,56.13,71.81,73.55
2026-07-30,AEHR,55.66,72.96,74.87
2026-07-31,AEHR,55.2,74.63,76.72
2026-08-03,AEHR,54.74,74.76,76.99
2026-08-04,AEHR,54.3,74.89,77.27
2026-08-05,AEHR,53.87,75.03,77.54
2026-08-06,AEHR,54.92,75.16,77.82
2026-08-07,AEHR,53.04,75.29,78.1
2026-08-10,AEHR,52.63,75.43,78.37
2026-08-11,AEHR,52.24,75.56,78.65
2026-08-12,AEHR,51.85,75.7,78.93
2026-08-13,AEHR,51.47,75.84,79.21
2026-08-14,AEHR,51.1,75.97,79.5
2026-08-17,AEHR,50.73,76.11,79.78
2026-08-18,AEHR,51.25,76.24,80.06
2026-08-19,AEHR,50.01,76.38,80.35
2026-08-20,AEHR,49.66,76.51,80.64
2026-08-21,AEHR,49.32,76.65,80.92
2026-08-24,AEHR,48.98,76.78,81.21
2026-08-25,AEHR,48.64,76.92,81.5
2026-08-26,AEHR,48.31,77.06,81.79
2026-08-27,AEHR,47.99,77.2,82.08
2026-08-28,AEHR,48.45,77.33,82.37
2026-08-31,AEHR,47.34,77.47,82.67
2026-09-01,AEHR,47.03,77.61,82.97
2026-09-02,AEHR,46.73,77.75,83.26
2026-09-03,AEHR,46.41,77.89,83.56
2026-09-04,AEHR,46.12,78.02,83.85
2026-07-07,CEVA,43.13,44.71,44.73
2026-07-08,CEVA,42.48,44.73,44.78
2026-07-09,CEVA,41.98,44.76,44.82
2026-07-10,CEVA,41.56,44.78,44.87
2026-07-13,CEVA,41.19,44.8,44.92
2026-07-14,CEVA,40.86,44.82,44.96
2026-07-15,CEVA,41.78,44.85,45.01
2026-07-16,CEVA,40.27,44.9,45.1
2026-07-17,CEVA,40.0,44.94,45.19
2026-07-20,CEVA,39.74,44.98,45.28
2026-07-21,CEVA,39.5,45.03,45.37
2026-07-22,CEVA,39.27,45.08,45.47
2026-07-23,CEVA,39.05,45.12,45.56
2026-07-24,CEVA,38.84,45.17,45.65
2026-07-27,CEVA,39.56,45.21,45.74
2026-07-28,CEVA,38.43,45.26,45.84
2026-07-29,CEVA,38.24,44.31,44.93
2026-07-30,CEVA,38.05,44.76,45.42
2026-07-31,CEVA,37.87,45.4,46.12
2026-08-03,CEVA,37.7,45.49,46.3
2026-08-04,CEVA,37.52,45.58,46.49
2026-08-05,CEVA,37.35,44.68,45.66
2026-08-06,CEVA,37.84,45.77,46.87
2026-08-07,CEVA,37.03,45.86,47.06
2026-08-10,CEVA,36.87,46.24,47.83
2026-08-11,CEVA,36.71,46.23,47.82
2026-08-12,CEVA,36.56,46.2,47.78
2026-08-13,CEVA,36.41,46.3,47.98
2026-08-14,CEVA,36.27,46.42,48.22
2026-08-17,CEVA,36.12,46.52,48.42
2026-08-18,CEVA,36.38,46.59,48.58
2026-08-19,CEVA,35.84,46.66,48.71
2026-08-20,CEVA,35.7,46.71,48.81
2026-08-21,CEVA,35.57,46.75,48.91
2026-08-24,CEVA,35.43,46.8,49.01
2026-08-25,CEVA,35.31,46.85,49.11
2026-08-26,CEVA,35.18,46.89,49.21
2026-08-27,CEVA,35.05,46.94,49.31
2026-08-28,CEVA,35.29,46.99,49.41
2026-08-31,CEVA,34.8,47.04,49.51
2026-09-01,CEVA,34.67,47.09,49.61
2026-09-02,CEVA,34.55,47.13,49.71
2026-09-03,CEVA,34.43,47.18,49.81
2026-09-04,CEVA,34.31,47.23,49.91
2026-07-07,AIP,33.18,34.58,34.6
2026-07-08,AIP,32.6,34.6,34.64
2026-07-09,AIP,32.16,34.62,34.67
2026-07-10,AIP,31.8,34.64,34.72
2026-07-13,AIP,31.47,34.66,34.75
2026-07-14,AIP,31.17,34.67,34.79
2026-07-15,AIP,31.97,34.69,34.83
2026-07-16,AIP,30.65,34.73,34.91
2026-07-17,AIP,30.41,34.77,34.99
2026-07-20,AIP,30.19,34.81,35.06
2026-07-21,AIP,29.97,34.85,35.14
2026-07-22,AIP,29.77,34.89,35.22
2026-07-23,AIP,29.58,34.93,35.3
2026-07-24,AIP,29.39,34.97,35.38
2026-07-27,AIP,30.0,35.01,35.46
2026-07-28,AIP,29.03,35.09,35.61
2026-07-29,AIP,28.86,34.28,34.88
2026-07-30,AIP,28.7,34.71,35.4
2026-07-31,AIP,28.53,34.44,35.19
2026-08-03,AIP,28.38,35.4,36.26
2026-08-04,AIP,28.23,35.48,36.42
2026-08-05,AIP,28.08,35.79,37.07
2026-08-06,AIP,28.49,35.79,37.07
2026-08-07,AIP,27.79,35.77,37.03
2026-08-10,AIP,27.65,35.85,37.2
2026-08-11,AIP,27.51,35.96,37.41
2026-08-12,AIP,27.38,36.04,37.58
2026-08-13,AIP,27.24,36.1,37.72
2026-08-14,AIP,27.12,36.16,37.83
2026-08-17,AIP,26.99,36.19,37.91
2026-08-18,AIP,27.21,36.24,38.0
2026-08-19,AIP,26.74,36.28,38.08
2026-08-20,AIP,26.62,36.32,38.16
2026-08-21,AIP,26.5,36.36,38.25
2026-08-24,AIP,26.38,36.4,38.33
2026-08-25,AIP,26.27,36.44,38.42
2026-08-26,AIP,26.15,36.48,38.51
2026-08-27,AIP,26.04,36.52,38.59
2026-08-28,AIP,26.24,36.56,38.68
2026-08-31,AIP,25.82,36.6,38.76
2026-09-01,AIP,25.71,36.64,38.85
2026-09-02,AIP,25.6,36.68,38.94
2026-09-03,AIP,25.49,36.72,39.03
2026-09-04,AIP,25.39,36.76,39.11
2026-07-07,TER,370.47,379.15,379.3
2026-07-08,TER,366.95,379.3,379.57
2026-07-09,TER,364.22,379.42,379.87
2026-07-10,TER,361.94,379.57,380.14
2026-07-13,TER,359.94,379.72,380.44
2026-07-14,TER,358.12,380.02,381.01
2026-07-15,TER,363.35,380.29,381.58
2026-07-16,TER,354.9,380.86,382.75
2026-07-17,TER,353.42,376.08,378.51
2026-07-20,TER,352.02,382.03,385.06
2026-07-21,TER,350.73,382.6,386.24
2026-07-22,TER,349.48,384.95,390.98
2026-07-23,TER,348.26,384.91,390.9
2026-07-24,TER,347.09,384.76,390.64
2026-07-27,TER,351.3,385.37,391.85
2026-07-28,TER,344.89,386.13,393.36
2026-07-29,TER,343.83,381.27,389.01
2026-07-30,TER,342.81,383.93,392.23
2026-07-31,TER,341.82,387.57,396.32
2026-08-03,TER,340.87,387.87,396.93
2026-08-04,TER,339.93,388.17,397.53
2026-08-05,TER,339.02,388.44,398.14
2026-08-06,TER,341.9,388.74,398.75
2026-08-07,TER,337.23,389.04,399.35
2026-08-10,TER,336.36,389.35,399.96
2026-08-11,TER,335.53,389.65,400.57
2026-08-12,TER,334.69,389.92,401.17
2026-08-13,TER,333.86,390.22,401.78
2026-08-14,TER,333.07,390.52,402.38
2026-08-17,TER,332.31,390.82,402.99
2026-08-18,TER,333.9,391.13,403.6
2026-08-19,TER,330.75,391.39,404.24
2026-08-20,TER,330.0,391.7,404.85
2026-08-21,TER,329.28,392.0,405.45
2026-08-24,TER,328.56,392.3,406.06
2026-08-25,TER,327.83,392.61,406.67
2026-08-26,TER,327.11,392.91,407.31
2026-08-27,TER,326.43,393.21,407.92
2026-08-28,TER,327.95,393.48,408.52
2026-08-31,TER,325.07,393.78,409.17
2026-09-01,TER,324.39,394.08,409.77
2026-09-02,TER,323.74,394.39,410.42
2026-09-03,TER,323.1,394.69,411.03
2026-09-04,TER,322.45,394.99,411.63
